,pref_o_attractive,pref_o_sincere,pref_o_intelligence,pref_o_funny,pref_o_ambitious,pref_o_shared_interests,attractive_o,intelligence_o,funny_o,shared_interests_o,attractive_important,sincere_important,intellicence_important,funny_important,ambtition_important,shared_interests_important,interests_correlate,like,TARGET
0,35.0,20.0,20.0,20.0,0.0,5.0,6.0,8.0,8.0,6.0,15.0,20.0,20.0,15.0,15.0,15.0,0.14,7.0,0
1,60.0,0.0,0.0,40.0,0.0,0.0,7.0,10.0,7.0,5.0,15.0,20.0,20.0,15.0,15.0,15.0,0.54,7.0,0
3,30.0,5.0,15.0,40.0,5.0,5.0,7.0,9.0,8.0,8.0,15.0,20.0,20.0,15.0,15.0,15.0,0.61,7.0,1
4,30.0,10.0,20.0,10.0,10.0,20.0,8.0,9.0,6.0,7.0,15.0,20.0,20.0,15.0,15.0,15.0,0.21,6.0,1
5,50.0,0.0,30.0,10.0,0.0,10.0,7.0,8.0,8.0,7.0,15.0,20.0,20.0,15.0,15.0,15.0,0.25,6.0,0
6,35.0,15.0,25.0,10.0,5.0,10.0,3.0,7.0,5.0,7.0,15.0,20.0,20.0,15.0,15.0,15.0,0.34,6.0,0
8,50.0,0.0,25.0,10.0,0.0,15.0,7.0,8.0,8.0,9.0,15.0,20.0,20.0,15.0,15.0,15.0,0.28,7.0,1
9,100.0,0.0,0.0,0.0,0.0,0.0,6.0,6.0,6.0,6.0,15.0,20.0,20.0,15.0,15.0,15.0,-0.36,6.0,0
10,35.0,20.0,20.0,20.0,0.0,5.0,8.0,6.0,9.0,4.0,45.0,5.0,25.0,20.0,0.0,5.0,0.29,6.0,0
11,60.0,0.0,0.0,40.0,0.0,0.0,7.0,10.0,6.0,5.0,45.0,5.0,25.0,20.0,0.0,5.0,0.18,7.0,0
12,19.0,18.0,19.0,18.0,14.0,12.0,10.0,10.0,10.0,10.0,45.0,5.0,25.0,20.0,0.0,5.0,0.1,6.0,0
13,30.0,5.0,15.0,40.0,5.0,5.0,9.0,9.0,9.0,9.0,45.0,5.0,25.0,20.0,0.0,5.0,-0.21,7.0,1
14,30.0,10.0,20.0,10.0,10.0,20.0,10.0,10.0,10.0,8.0,45.0,5.0,25.0,20.0,0.0,5.0,0.32,8.0,0
15,50.0,0.0,30.0,10.0,0.0,10.0,7.0,7.0,5.0,7.0,45.0,5.0,25.0,20.0,0.0,5.0,0.73,6.0,0
16,35.0,15.0,25.0,10.0,5.0,10.0,5.0,4.0,3.0,3.0,45.0,5.0,25.0,20.0,0.0,5.0,0.6,8.0,0
17,33.33,11.11,11.11,11.11,11.11,22.22,7.0,7.0,7.0,5.0,45.0,5.0,25.0,20.0,0.0,5.0,0.07,5.0,0
18,50.0,0.0,25.0,10.0,0.0,15.0,8.0,9.0,9.0,7.0,45.0,5.0,25.0,20.0,0.0,5.0,0.11,5.0,1
19,100.0,0.0,0.0,0.0,0.0,0.0,6.0,7.0,7.0,7.0,45.0,5.0,25.0,20.0,0.0,5.0,0.39,8.0,0
30,35.0,20.0,20.0,20.0,0.0,5.0,6.0,8.0,7.0,5.0,20.0,20.0,20.0,20.0,10.0,10.0,-0.18,6.0,0
31,60.0,0.0,0.0,40.0,0.0,0.0,6.0,10.0,6.0,5.0,20.0,20.0,20.0,20.0,10.0,10.0,-0.18,8.0,0
32,19.0,18.0,19.0,18.0,14.0,12.0,10.0,10.0,10.0,10.0,20.0,20.0,20.0,20.0,10.0,10.0,0.05,4.0,0
33,30.0,5.0,15.0,40.0,5.0,5.0,7.0,7.0,9.0,9.0,20.0,20.0,20.0,20.0,10.0,10.0,-0.18,8.0,1
34,30.0,10.0,20.0,10.0,10.0,20.0,8.0,9.0,8.0,9.0,20.0,20.0,20.0,20.0,10.0,10.0,0.21,7.0,0
35,50.0,0.0,30.0,10.0,0.0,10.0,6.0,7.0,7.0,7.0,20.0,20.0,20.0,20.0,10.0,10.0,0.37,4.0,0
36,35.0,15.0,25.0,10.0,5.0,10.0,7.0,3.0,5.0,5.0,20.0,20.0,20.0,20.0,10.0,10.0,0.35,5.0,0
37,33.33,11.11,11.11,11.11,11.11,22.22,6.0,8.0,6.0,5.0,20.0,20.0,20.0,20.0,10.0,10.0,0.15,6.0,0
38,50.0,0.0,25.0,10.0,0.0,15.0,7.0,7.0,10.0,10.0,20.0,20.0,20.0,20.0,10.0,10.0,-0.47,8.0,1
39,100.0,0.0,0.0,0.0,0.0,0.0,7.0,8.0,7.0,7.0,20.0,20.0,20.0,20.0,10.0,10.0,-0.19,10.0,0
50,35.0,20.0,20.0,20.0,0.0,5.0,7.0,8.0,9.0,4.0,10.0,25.0,20.0,25.0,5.0,15.0,0.33,6.0,0
51,60.0,0.0,0.0,40.0,0.0,0.0,6.0,10.0,6.0,6.0,10.0,25.0,20.0,25.0,5.0,15.0,0.37,7.0,0
52,19.0,18.0,19.0,18.0,14.0,12.0,10.0,10.0,10.0,10.0,10.0,25.0,20.0,25.0,5.0,15.0,-0.51,6.0,0
53,30.0,5.0,15.0,40.0,5.0,5.0,6.0,8.0,7.0,8.0,10.0,25.0,20.0,25.0,5.0,15.0,0.12,9.0,1
54,30.0,10.0,20.0,10.0,10.0,20.0,9.0,9.0,7.0,6.0,10.0,25.0,20.0,25.0,5.0,15.0,0.35,4.0,0
55,50.0,0.0,30.0,10.0,0.0,10.0,6.0,8.0,8.0,7.0,10.0,25.0,20.0,25.0,5.0,15.0,0.19,2.0,0
56,35.0,15.0,25.0,10.0,5.0,10.0,5.0,8.0,4.0,4.0,10.0,25.0,20.0,25.0,5.0,15.0,0.47,8.0,0
57,33.33,11.11,11.11,11.11,11.11,22.22,6.0,8.0,7.0,5.0,10.0,25.0,20.0,25.0,5.0,15.0,0.03,5.0,0
58,50.0,0.0,25.0,10.0,0.0,15.0,6.0,7.0,6.0,6.0,10.0,25.0,20.0,25.0,5.0,15.0,0.46,9.0,1
59,100.0,0.0,0.0,0.0,0.0,0.0,7.0,10.0,6.0,7.0,10.0,25.0,20.0,25.0,5.0,15.0,0.43,9.0,0
60,35.0,20.0,20.0,20.0,0.0,5.0,7.0,8.0,8.0,7.0,15.0,15.0,25.0,20.0,15.0,10.0,0.19,7.0,0
61,60.0,0.0,0.0,40.0,0.0,0.0,7.0,10.0,6.0,5.0,15.0,15.0,25.0,20.0,15.0,10.0,0.21,7.0,0
62,19.0,18.0,19.0,18.0,14.0,12.0,10.0,10.0,10.0,10.0,15.0,15.0,25.0,20.0,15.0,10.0,0.52,7.0,0
63,30.0,5.0,15.0,40.0,5.0,5.0,8.0,9.0,8.0,9.0,15.0,15.0,25.0,20.0,15.0,10.0,-0.46,8.0,1
64,30.0,10.0,20.0,10.0,10.0,20.0,8.0,9.0,6.0,5.0,15.0,15.0,25.0,20.0,15.0,10.0,-0.27,5.0,0
65,50.0,0.0,30.0,10.0,0.0,10.0,8.0,8.0,6.0,6.0,15.0,15.0,25.0,20.0,15.0,10.0,0.59,5.0,0
66,35.0,15.0,25.0,10.0,5.0,10.0,7.0,5.0,4.0,3.0,15.0,15.0,25.0,20.0,15.0,10.0,0.31,8.0,0
67,33.33,11.11,11.11,11.11,11.11,22.22,8.0,6.0,7.0,5.0,15.0,15.0,25.0,20.0,15.0,10.0,0.08,5.0,0
68,50.0,0.0,25.0,10.0,0.0,15.0,9.0,9.0,9.0,10.0,15.0,15.0,25.0,20.0,15.0,10.0,-0.34,6.0,1
69,100.0,0.0,0.0,0.0,0.0,0.0,7.0,8.0,6.0,7.0,15.0,15.0,25.0,20.0,15.0,10.0,-0.16,7.0,0
80,35.0,20.0,20.0,20.0,0.0,5.0,6.0,7.0,8.0,5.0,20.0,10.0,20.0,30.0,10.0,10.0,0.19,5.0,0
81,60.0,0.0,0.0,40.0,0.0,0.0,8.0,10.0,7.0,5.0,20.0,10.0,20.0,30.0,10.0,10.0,0.03,10.0,1
82,19.0,18.0,19.0,18.0,14.0,12.0,10.0,10.0,10.0,10.0,20.0,10.0,20.0,30.0,10.0,10.0,0.68,8.0,1
83,30.0,5.0,15.0,40.0,5.0,5.0,7.0,7.0,8.0,7.0,20.0,10.0,20.0,30.0,10.0,10.0,-0.26,7.0,1
84,30.0,10.0,20.0,10.0,10.0,20.0,7.0,8.0,9.0,7.0,20.0,10.0,20.0,30.0,10.0,10.0,-0.01,5.0,1
85,50.0,0.0,30.0,10.0,0.0,10.0,6.0,7.0,8.0,7.0,20.0,10.0,20.0,30.0,10.0,10.0,0.42,6.0,1
86,35.0,15.0,25.0,10.0,5.0,10.0,8.0,7.0,8.0,5.0,20.0,10.0,20.0,30.0,10.0,10.0,0.21,7.0,1
87,33.33,11.11,11.11,11.11,11.11,22.22,7.0,7.0,7.0,5.0,20.0,10.0,20.0,30.0,10.0,10.0,0.1,7.0,0
88,50.0,0.0,25.0,10.0,0.0,15.0,6.0,6.0,7.0,6.0,20.0,10.0,20.0,30.0,10.0,10.0,-0.35,7.0,1
89,100.0,0.0,0.0,0.0,0.0,0.0,5.0,6.0,6.0,6.0,20.0,10.0,20.0,30.0,10.0,10.0,-0.23,8.0,0
100,15.0,20.0,20.0,15.0,15.0,15.0,6.0,7.0,7.0,5.0,35.0,20.0,20.0,20.0,0.0,5.0,0.14,7.0,0
101,45.0,5.0,25.0,20.0,0.0,5.0,5.0,8.0,4.0,3.0,35.0,20.0,20.0,20.0,0.0,5.0,0.29,7.0,0
102,35.0,10.0,35.0,10.0,10.0,0.0,7.0,10.0,7.0,9.0,35.0,20.0,20.0,20.0,0.0,5.0,-0.24,5.0,0
103,20.0,20.0,20.0,20.0,10.0,10.0,4.0,8.0,5.0,7.0,35.0,20.0,20.0,20.0,0.0,5.0,-0.18,6.0,0
104,20.0,5.0,25.0,25.0,10.0,15.0,5.0,8.0,2.0,2.0,35.0,20.0,20.0,20.0,0.0,5.0,-0.43,6.0,0
105,10.0,25.0,20.0,25.0,5.0,15.0,6.0,7.0,6.0,6.0,35.0,20.0,20.0,20.0,0.0,5.0,0.33,7.0,0
106,15.0,15.0,25.0,20.0,15.0,10.0,4.0,8.0,5.0,4.0,35.0,20.0,20.0,20.0,0.0,5.0,0.19,7.0,0
107,9.09,18.18,27.27,18.18,18.18,9.09,5.0,7.0,4.0,5.0,35.0,20.0,20.0,20.0,0.0,5.0,-0.03,7.0,0
108,20.0,10.0,20.0,30.0,10.0,10.0,8.0,9.0,8.0,6.0,35.0,20.0,20.0,20.0,0.0,5.0,0.19,6.0,0
110,15.0,20.0,20.0,15.0,15.0,15.0,7.0,7.0,8.0,6.0,60.0,0.0,0.0,40.0,0.0,0.0,0.54,8.0,0
111,45.0,5.0,25.0,20.0,0.0,5.0,8.0,6.0,6.0,6.0,60.0,0.0,0.0,40.0,0.0,0.0,0.18,8.0,0
112,35.0,10.0,35.0,10.0,10.0,0.0,9.0,9.0,8.0,7.0,60.0,0.0,0.0,40.0,0.0,0.0,-0.14,7.0,0
113,20.0,20.0,20.0,20.0,10.0,10.0,8.0,8.0,10.0,8.0,60.0,0.0,0.0,40.0,0.0,0.0,-0.18,6.0,0
114,20.0,5.0,25.0,25.0,10.0,15.0,8.0,6.0,5.0,5.0,60.0,0.0,0.0,40.0,0.0,0.0,0.0,7.0,0
115,10.0,25.0,20.0,25.0,5.0,15.0,6.0,9.0,6.0,2.0,60.0,0.0,0.0,40.0,0.0,0.0,0.37,7.0,0
116,15.0,15.0,25.0,20.0,15.0,10.0,6.0,8.0,4.0,4.0,60.0,0.0,0.0,40.0,0.0,0.0,0.21,8.0,0
117,9.09,18.18,27.27,18.18,18.18,9.09,8.0,7.0,9.0,7.0,60.0,0.0,0.0,40.0,0.0,0.0,-0.11,9.0,1
118,20.0,10.0,20.0,30.0,10.0,10.0,10.0,10.0,10.0,10.0,60.0,0.0,0.0,40.0,0.0,0.0,0.03,8.0,1
150,15.0,20.0,20.0,15.0,15.0,15.0,4.0,7.0,4.0,4.0,50.0,0.0,30.0,10.0,0.0,10.0,0.25,7.0,0
151,45.0,5.0,25.0,20.0,0.0,5.0,8.0,8.0,3.0,2.0,50.0,0.0,30.0,10.0,0.0,10.0,0.73,7.0,0
152,35.0,10.0,35.0,10.0,10.0,0.0,8.0,10.0,7.0,9.0,50.0,0.0,30.0,10.0,0.0,10.0,-0.3,6.0,0
153,20.0,20.0,20.0,20.0,10.0,10.0,5.0,8.0,4.0,2.0,50.0,0.0,30.0,10.0,0.0,10.0,0.37,6.0,0
154,20.0,5.0,25.0,25.0,10.0,15.0,5.0,7.0,5.0,8.0,50.0,0.0,30.0,10.0,0.0,10.0,0.06,6.0,0
155,10.0,25.0,20.0,25.0,5.0,15.0,3.0,6.0,1.0,1.0,50.0,0.0,30.0,10.0,0.0,10.0,0.19,6.0,0
156,15.0,15.0,25.0,20.0,15.0,10.0,4.0,7.0,4.0,4.0,50.0,0.0,30.0,10.0,0.0,10.0,0.59,7.0,0
157,9.09,18.18,27.27,18.18,18.18,9.09,6.0,8.0,5.0,7.0,50.0,0.0,30.0,10.0,0.0,10.0,0.28,7.0,1
158,20.0,10.0,20.0,30.0,10.0,10.0,8.0,9.0,7.0,5.0,50.0,0.0,30.0,10.0,0.0,10.0,0.42,6.0,1
160,15.0,20.0,20.0,15.0,15.0,15.0,7.0,7.0,4.0,7.0,35.0,15.0,25.0,10.0,5.0,10.0,0.34,2.0,0
161,45.0,5.0,25.0,20.0,0.0,5.0,7.0,9.0,6.0,9.0,35.0,15.0,25.0,10.0,5.0,10.0,0.6,4.0,0
162,35.0,10.0,35.0,10.0,10.0,0.0,8.0,10.0,7.0,9.0,35.0,15.0,25.0,10.0,5.0,10.0,-0.26,2.0,0
163,20.0,20.0,20.0,20.0,10.0,10.0,7.0,10.0,7.0,5.0,35.0,15.0,25.0,10.0,5.0,10.0,0.35,6.0,0
164,20.0,5.0,25.0,25.0,10.0,15.0,6.0,8.0,5.0,6.0,35.0,15.0,25.0,10.0,5.0,10.0,-0.05,3.0,0
165,10.0,25.0,20.0,25.0,5.0,15.0,8.0,8.0,8.0,4.0,35.0,15.0,25.0,10.0,5.0,10.0,0.47,3.0,0
166,15.0,15.0,25.0,20.0,15.0,10.0,7.0,8.0,7.0,7.0,35.0,15.0,25.0,10.0,5.0,10.0,0.31,5.0,0
167,9.09,18.18,27.27,18.18,18.18,9.09,6.0,8.0,5.0,7.0,35.0,15.0,25.0,10.0,5.0,10.0,0.05,4.0,0
168,20.0,10.0,20.0,30.0,10.0,10.0,6.0,9.0,6.0,6.0,35.0,15.0,25.0,10.0,5.0,10.0,0.21,8.0,1
170,15.0,20.0,20.0,15.0,15.0,15.0,4.0,7.0,6.0,6.0,33.33,11.11,11.11,11.11,11.11,22.22,0.5,7.0,0
171,45.0,5.0,25.0,20.0,0.0,5.0,5.0,7.0,5.0,5.0,33.33,11.11,11.11,11.11,11.11,22.22,0.07,7.0,0
172,35.0,10.0,35.0,10.0,10.0,0.0,7.0,9.0,8.0,7.0,33.33,11.11,11.11,11.11,11.11,22.22,0.29,5.0,0
173,20.0,20.0,20.0,20.0,10.0,10.0,5.0,9.0,5.0,7.0,33.33,11.11,11.11,11.11,11.11,22.22,0.15,7.0,0
174,20.0,5.0,25.0,25.0,10.0,15.0,5.0,7.0,6.0,5.0,33.33,11.11,11.11,11.11,11.11,22.22,0.07,6.0,0
175,10.0,25.0,20.0,25.0,5.0,15.0,4.0,9.0,2.0,3.0,33.33,11.11,11.11,11.11,11.11,22.22,0.03,7.0,0
176,15.0,15.0,25.0,20.0,15.0,10.0,5.0,8.0,5.0,5.0,33.33,11.11,11.11,11.11,11.11,22.22,0.08,7.0,0
177,9.09,18.18,27.27,18.18,18.18,9.09,5.0,7.0,4.0,6.0,33.33,11.11,11.11,11.11,11.11,22.22,0.17,7.0,1
178,20.0,10.0,20.0,30.0,10.0,10.0,6.0,8.0,7.0,6.0,33.33,11.11,11.11,11.11,11.11,22.22,0.1,7.0,0
190,15.0,20.0,20.0,15.0,15.0,15.0,5.0,6.0,8.0,8.0,100.0,0.0,0.0,0.0,0.0,0.0,-0.36,6.0,0
191,45.0,5.0,25.0,20.0,0.0,5.0,6.0,8.0,7.0,8.0,100.0,0.0,0.0,0.0,0.0,0.0,0.39,6.0,0
192,35.0,10.0,35.0,10.0,10.0,0.0,8.0,9.0,7.0,7.0,100.0,0.0,0.0,0.0,0.0,0.0,-0.47,5.0,0
193,20.0,20.0,20.0,20.0,10.0,10.0,8.0,10.0,10.0,8.0,100.0,0.0,0.0,0.0,0.0,0.0,-0.19,7.0,0
194,20.0,5.0,25.0,25.0,10.0,15.0,9.0,7.0,9.0,5.0,100.0,0.0,0.0,0.0,0.0,0.0,-0.06,4.0,0
195,10.0,25.0,20.0,25.0,5.0,15.0,8.0,9.0,9.0,7.0,100.0,0.0,0.0,0.0,0.0,0.0,0.43,6.0,0
196,15.0,15.0,25.0,20.0,15.0,10.0,8.0,7.0,7.0,6.0,100.0,0.0,0.0,0.0,0.0,0.0,-0.16,7.0,0
197,9.09,18.18,27.27,18.18,18.18,9.09,7.0,8.0,7.0,8.0,100.0,0.0,0.0,0.0,0.0,0.0,-0.21,8.0,1
198,20.0,10.0,20.0,30.0,10.0,10.0,7.0,7.0,8.0,8.0,100.0,0.0,0.0,0.0,0.0,0.0,-0.23,6.0,0
199,15.0,15.0,15.0,40.0,10.0,5.0,9.0,8.0,10.0,8.0,100.0,0.0,0.0,0.0,0.0,0.0,0.08,7.0,0
200,25.0,20.0,25.0,20.0,10.0,0.0,3.0,10.0,6.0,7.0,12.0,18.0,20.0,16.0,16.0,18.0,-0.23,9.0,0
203,25.0,35.0,30.0,10.0,0.0,0.0,4.0,6.0,4.0,2.0,12.0,18.0,20.0,16.0,16.0,18.0,0.43,6.0,0
204,25.0,15.0,25.0,25.0,15.0,15.0,6.0,8.0,6.0,7.0,12.0,18.0,20.0,16.0,16.0,18.0,-0.4,6.0,0
205,25.0,15.0,25.0,15.0,0.0,20.0,7.0,8.0,7.0,6.0,12.0,18.0,20.0,16.0,16.0,18.0,0.01,5.0,0
206,20.0,35.0,20.0,10.0,10.0,5.0,6.0,10.0,8.0,8.0,12.0,18.0,20.0,16.0,16.0,18.0,0.22,8.0,0
207,20.0,20.0,25.0,25.0,5.0,5.0,9.0,6.0,5.0,7.0,12.0,18.0,20.0,16.0,16.0,18.0,-0.06,5.0,0
208,30.0,15.0,25.0,25.0,5.0,0.0,3.0,5.0,5.0,3.0,12.0,18.0,20.0,16.0,16.0,18.0,-0.08,6.0,0
209,20.0,20.0,20.0,20.0,5.0,15.0,6.0,8.0,4.0,4.0,12.0,18.0,20.0,16.0,16.0,18.0,0.28,9.0,0
211,25.0,10.0,35.0,15.0,0.0,15.0,2.0,8.0,3.0,2.0,12.0,18.0,20.0,16.0,16.0,18.0,0.44,2.0,0
212,15.0,20.0,15.0,30.0,5.0,15.0,6.0,8.0,6.0,6.0,12.0,18.0,20.0,16.0,16.0,18.0,0.62,6.0,0
213,40.0,15.0,20.0,10.0,5.0,10.0,6.0,8.0,7.0,6.0,12.0,18.0,20.0,16.0,16.0,18.0,-0.08,6.0,0
214,40.0,20.0,20.0,20.0,0.0,0.0,5.0,7.0,7.0,5.0,12.0,18.0,20.0,16.0,16.0,18.0,-0.2,6.0,0
215,20.0,25.0,25.0,10.0,10.0,10.0,5.0,10.0,7.0,5.0,12.0,18.0,20.0,16.0,16.0,18.0,0.39,8.0,0
216,25.0,20.0,25.0,20.0,10.0,0.0,4.0,8.0,8.0,4.0,20.0,20.0,20.0,10.0,10.0,20.0,0.29,6.0,0
218,20.0,25.0,20.0,15.0,10.0,10.0,3.0,8.0,5.0,1.0,20.0,20.0,20.0,10.0,10.0,20.0,0.44,3.0,0
219,25.0,35.0,30.0,10.0,0.0,0.0,4.0,5.0,3.0,1.0,20.0,20.0,20.0,10.0,10.0,20.0,-0.04,4.0,0
220,25.0,15.0,25.0,25.0,15.0,15.0,6.0,6.0,6.0,5.0,20.0,20.0,20.0,10.0,10.0,20.0,-0.21,6.0,1
221,25.0,15.0,25.0,15.0,0.0,20.0,7.0,7.0,5.0,5.0,20.0,20.0,20.0,10.0,10.0,20.0,-0.02,6.0,1
222,20.0,35.0,20.0,10.0,10.0,5.0,5.0,5.0,5.0,5.0,20.0,20.0,20.0,10.0,10.0,20.0,-0.33,7.0,0
227,25.0,10.0,35.0,15.0,0.0,15.0,2.0,3.0,2.0,1.0,20.0,20.0,20.0,10.0,10.0,20.0,-0.52,2.0,0
228,15.0,20.0,15.0,30.0,5.0,15.0,4.0,7.0,6.0,5.0,20.0,20.0,20.0,10.0,10.0,20.0,0.03,2.0,0
229,40.0,15.0,20.0,10.0,5.0,10.0,6.0,8.0,7.0,6.0,20.0,20.0,20.0,10.0,10.0,20.0,0.5,8.0,0
230,40.0,20.0,20.0,20.0,0.0,0.0,4.0,7.0,6.0,5.0,20.0,20.0,20.0,10.0,10.0,20.0,0.33,4.0,0
231,20.0,25.0,25.0,10.0,10.0,10.0,5.0,9.0,7.0,8.0,20.0,20.0,20.0,10.0,10.0,20.0,0.16,7.0,0
232,25.0,20.0,25.0,20.0,10.0,0.0,5.0,3.0,7.0,3.0,10.0,20.0,40.0,10.0,10.0,10.0,0.22,8.0,0
235,25.0,35.0,30.0,10.0,0.0,0.0,4.0,5.0,4.0,2.0,10.0,20.0,40.0,10.0,10.0,10.0,-0.35,7.0,1
236,25.0,15.0,25.0,25.0,15.0,15.0,8.0,8.0,10.0,8.0,10.0,20.0,40.0,10.0,10.0,10.0,-0.17,9.0,1
237,25.0,15.0,25.0,15.0,0.0,20.0,7.0,7.0,6.0,6.0,10.0,20.0,40.0,10.0,10.0,10.0,-0.1,7.0,1
238,20.0,35.0,20.0,10.0,10.0,5.0,6.0,9.0,8.0,9.0,10.0,20.0,40.0,10.0,10.0,10.0,-0.52,7.0,0
239,20.0,20.0,25.0,25.0,5.0,5.0,5.0,6.0,4.0,4.0,10.0,20.0,40.0,10.0,10.0,10.0,0.21,6.0,0
240,30.0,15.0,25.0,25.0,5.0,0.0,4.0,6.0,4.0,3.0,10.0,20.0,40.0,10.0,10.0,10.0,0.58,6.0,0
241,20.0,20.0,20.0,20.0,5.0,15.0,7.0,8.0,6.0,3.0,10.0,20.0,40.0,10.0,10.0,10.0,-0.23,8.0,0
243,25.0,10.0,35.0,15.0,0.0,15.0,4.0,4.0,1.0,1.0,10.0,20.0,40.0,10.0,10.0,10.0,-0.57,6.0,0
244,15.0,20.0,15.0,30.0,5.0,15.0,7.0,6.0,6.0,5.0,10.0,20.0,40.0,10.0,10.0,10.0,-0.13,6.0,0
246,40.0,20.0,20.0,20.0,0.0,0.0,6.0,7.0,7.0,7.0,10.0,20.0,40.0,10.0,10.0,10.0,0.35,6.0,0
247,20.0,25.0,25.0,10.0,10.0,10.0,6.0,10.0,8.0,7.0,10.0,20.0,40.0,10.0,10.0,10.0,0.1,6.0,0
255,20.0,20.0,25.0,25.0,5.0,5.0,6.0,6.0,5.0,4.0,10.0,20.0,20.0,15.0,20.0,15.0,0.04,7.0,0
264,25.0,20.0,25.0,20.0,10.0,0.0,8.0,9.0,9.0,4.0,20.0,20.0,15.0,15.0,15.0,15.0,-0.12,6.0,0
267,25.0,35.0,30.0,10.0,0.0,0.0,8.0,6.0,6.0,1.0,20.0,20.0,15.0,15.0,15.0,15.0,-0.2,4.0,0
268,25.0,15.0,25.0,25.0,15.0,15.0,7.0,6.0,7.0,4.0,20.0,20.0,15.0,15.0,15.0,15.0,-0.29,5.0,0
269,25.0,15.0,25.0,15.0,0.0,20.0,7.0,6.0,7.0,6.0,20.0,20.0,15.0,15.0,15.0,15.0,-0.01,7.0,0
270,20.0,35.0,20.0,10.0,10.0,5.0,10.0,7.0,8.0,8.0,20.0,20.0,15.0,15.0,15.0,15.0,-0.24,8.0,0
271,20.0,20.0,25.0,25.0,5.0,5.0,6.0,5.0,5.0,2.0,20.0,20.0,15.0,15.0,15.0,15.0,-0.05,8.0,0
273,20.0,20.0,20.0,20.0,5.0,15.0,9.0,7.0,8.0,5.0,20.0,20.0,15.0,15.0,15.0,15.0,0.06,9.0,0
275,25.0,10.0,35.0,15.0,0.0,15.0,6.0,7.0,6.0,2.0,20.0,20.0,15.0,15.0,15.0,15.0,0.11,6.0,0
276,15.0,20.0,15.0,30.0,5.0,15.0,8.0,7.0,7.0,6.0,20.0,20.0,15.0,15.0,15.0,15.0,0.28,5.0,0
277,40.0,15.0,20.0,10.0,5.0,10.0,9.0,8.0,8.0,7.0,20.0,20.0,15.0,15.0,15.0,15.0,0.11,7.0,0
278,40.0,20.0,20.0,20.0,0.0,0.0,8.0,9.0,9.0,5.0,20.0,20.0,15.0,15.0,15.0,15.0,-0.15,6.0,0
279,20.0,25.0,25.0,10.0,10.0,10.0,8.0,8.0,10.0,8.0,20.0,20.0,15.0,15.0,15.0,15.0,0.53,7.0,0
280,25.0,20.0,25.0,20.0,10.0,0.0,8.0,9.0,8.0,4.0,20.0,20.0,20.0,15.0,15.0,10.0,-0.38,2.0,0
283,25.0,35.0,30.0,10.0,0.0,0.0,6.0,7.0,5.0,2.0,20.0,20.0,20.0,15.0,15.0,10.0,-0.02,2.0,0
284,25.0,15.0,25.0,25.0,15.0,15.0,8.0,7.0,8.0,7.0,20.0,20.0,20.0,15.0,15.0,10.0,0.46,5.0,0
285,25.0,15.0,25.0,15.0,0.0,20.0,7.0,8.0,7.0,7.0,20.0,20.0,20.0,15.0,15.0,10.0,-0.06,2.0,0
286,20.0,35.0,20.0,10.0,10.0,5.0,10.0,9.0,10.0,8.0,20.0,20.0,20.0,15.0,15.0,10.0,0.22,6.0,0
287,20.0,20.0,25.0,25.0,5.0,5.0,5.0,6.0,6.0,6.0,20.0,20.0,20.0,15.0,15.0,10.0,-0.05,2.0,0
289,20.0,20.0,20.0,20.0,5.0,15.0,9.0,7.0,7.0,8.0,20.0,20.0,20.0,15.0,15.0,10.0,0.02,5.0,0
291,25.0,10.0,35.0,15.0,0.0,15.0,7.0,5.0,5.0,2.0,20.0,20.0,20.0,15.0,15.0,10.0,0.05,6.0,0
292,15.0,20.0,15.0,30.0,5.0,15.0,8.0,7.0,7.0,6.0,20.0,20.0,20.0,15.0,15.0,10.0,0.06,5.0,0
293,40.0,15.0,20.0,10.0,5.0,10.0,9.0,9.0,9.0,8.0,20.0,20.0,20.0,15.0,15.0,10.0,0.08,6.0,0
294,40.0,20.0,20.0,20.0,0.0,0.0,8.0,7.0,8.0,6.0,20.0,20.0,20.0,15.0,15.0,10.0,0.16,3.0,0
295,20.0,25.0,25.0,10.0,10.0,10.0,8.0,8.0,9.0,8.0,20.0,20.0,20.0,15.0,15.0,10.0,0.03,6.0,0
299,25.0,35.0,30.0,10.0,0.0,0.0,7.0,5.0,7.0,5.0,17.0,10.0,18.0,20.0,25.0,10.0,-0.16,2.0,0
300,25.0,15.0,25.0,25.0,15.0,15.0,9.0,7.0,7.0,5.0,17.0,10.0,18.0,20.0,25.0,10.0,0.44,1.0,0
301,25.0,15.0,25.0,15.0,0.0,20.0,8.0,7.0,8.0,7.0,17.0,10.0,18.0,20.0,25.0,10.0,-0.27,1.0,0
302,20.0,35.0,20.0,10.0,10.0,5.0,9.0,8.0,8.0,9.0,17.0,10.0,18.0,20.0,25.0,10.0,0.29,6.0,1
303,20.0,20.0,25.0,25.0,5.0,5.0,7.0,6.0,6.0,5.0,17.0,10.0,18.0,20.0,25.0,10.0,-0.28,3.0,0
307,25.0,10.0,35.0,15.0,0.0,15.0,8.0,4.0,7.0,3.0,17.0,10.0,18.0,20.0,25.0,10.0,0.2,2.0,0
308,15.0,20.0,15.0,30.0,5.0,15.0,8.0,7.0,6.0,7.0,17.0,10.0,18.0,20.0,25.0,10.0,-0.31,1.0,0
309,40.0,15.0,20.0,10.0,5.0,10.0,8.0,8.0,8.0,7.0,17.0,10.0,18.0,20.0,25.0,10.0,-0.07,3.0,0
310,40.0,20.0,20.0,20.0,0.0,0.0,9.0,8.0,9.0,7.0,17.0,10.0,18.0,20.0,25.0,10.0,-0.06,1.0,0
311,20.0,25.0,25.0,10.0,10.0,10.0,9.0,9.0,10.0,8.0,17.0,10.0,18.0,20.0,25.0,10.0,-0.16,4.0,0
332,25.0,15.0,25.0,25.0,15.0,15.0,7.0,7.0,6.0,5.0,20.0,22.0,18.0,15.0,15.0,10.0,-0.41,6.0,1
333,25.0,15.0,25.0,15.0,0.0,20.0,8.0,6.0,7.0,6.0,20.0,22.0,18.0,15.0,15.0,10.0,0.08,6.0,1
336,30.0,15.0,25.0,25.0,5.0,0.0,6.0,9.0,5.0,3.0,20.0,22.0,18.0,15.0,15.0,10.0,0.11,8.0,0
337,20.0,20.0,20.0,20.0,5.0,15.0,7.0,8.0,7.0,5.0,20.0,22.0,18.0,15.0,15.0,10.0,0.2,5.0,0
339,25.0,10.0,35.0,15.0,0.0,15.0,5.0,5.0,3.0,3.0,20.0,22.0,18.0,15.0,15.0,10.0,-0.05,6.0,0
340,15.0,20.0,15.0,30.0,5.0,15.0,5.0,6.0,7.0,5.0,20.0,22.0,18.0,15.0,15.0,10.0,0.42,8.0,0
343,20.0,25.0,25.0,10.0,10.0,10.0,6.0,8.0,8.0,6.0,20.0,22.0,18.0,15.0,15.0,10.0,0.52,6.0,0
344,25.0,20.0,25.0,20.0,10.0,0.0,6.0,8.0,7.0,4.0,10.0,20.0,20.0,20.0,20.0,10.0,0.19,6.0,0
347,25.0,35.0,30.0,10.0,0.0,0.0,3.0,7.0,3.0,1.0,10.0,20.0,20.0,20.0,20.0,10.0,0.21,6.0,0
348,25.0,15.0,25.0,25.0,15.0,15.0,7.0,7.0,7.0,7.0,10.0,20.0,20.0,20.0,20.0,10.0,-0.27,7.0,0
349,25.0,15.0,25.0,15.0,0.0,20.0,6.0,6.0,6.0,5.0,10.0,20.0,20.0,20.0,20.0,10.0,-0.41,4.0,0
350,20.0,35.0,20.0,10.0,10.0,5.0,6.0,8.0,9.0,6.0,10.0,20.0,20.0,20.0,20.0,10.0,-0.02,7.0,0
351,20.0,20.0,25.0,25.0,5.0,5.0,9.0,6.0,3.0,3.0,10.0,20.0,20.0,20.0,20.0,10.0,0.09,8.0,0
355,25.0,10.0,35.0,15.0,0.0,15.0,3.0,6.0,2.0,4.0,10.0,20.0,20.0,20.0,20.0,10.0,-0.27,4.0,0
356,15.0,20.0,15.0,30.0,5.0,15.0,6.0,7.0,6.0,4.0,10.0,20.0,20.0,20.0,20.0,10.0,0.11,7.0,0
357,40.0,15.0,20.0,10.0,5.0,10.0,6.0,8.0,7.0,6.0,10.0,20.0,20.0,20.0,20.0,10.0,0.16,9.0,0
358,40.0,20.0,20.0,20.0,0.0,0.0,6.0,8.0,7.0,6.0,10.0,20.0,20.0,20.0,20.0,10.0,0.21,6.0,0
359,20.0,25.0,25.0,10.0,10.0,10.0,7.0,10.0,10.0,10.0,10.0,20.0,20.0,20.0,20.0,10.0,0.49,8.0,1
360,25.0,20.0,25.0,20.0,10.0,0.0,7.0,4.0,4.0,3.0,35.0,10.0,20.0,20.0,10.0,5.0,-0.19,5.0,0
363,25.0,35.0,30.0,10.0,0.0,0.0,6.0,6.0,6.0,3.0,35.0,10.0,20.0,20.0,10.0,5.0,-0.48,5.0,0
364,25.0,15.0,25.0,25.0,15.0,15.0,9.0,7.0,6.0,7.0,35.0,10.0,20.0,20.0,10.0,5.0,0.0,5.0,0
365,25.0,15.0,25.0,15.0,0.0,20.0,9.0,8.0,7.0,6.0,35.0,10.0,20.0,20.0,10.0,5.0,-0.38,5.0,0
366,20.0,35.0,20.0,10.0,10.0,5.0,9.0,7.0,6.0,8.0,35.0,10.0,20.0,20.0,10.0,5.0,-0.34,7.0,0
367,20.0,20.0,25.0,25.0,5.0,5.0,7.0,6.0,5.0,5.0,35.0,10.0,20.0,20.0,10.0,5.0,-0.27,4.0,0
371,25.0,10.0,35.0,15.0,0.0,15.0,7.0,7.0,4.0,5.0,35.0,10.0,20.0,20.0,10.0,5.0,-0.35,5.0,0
372,15.0,20.0,15.0,30.0,5.0,15.0,8.0,8.0,6.0,5.0,35.0,10.0,20.0,20.0,10.0,5.0,0.03,6.0,0
373,40.0,15.0,20.0,10.0,5.0,10.0,8.0,9.0,8.0,7.0,35.0,10.0,20.0,20.0,10.0,5.0,0.4,6.5,0
374,40.0,20.0,20.0,20.0,0.0,0.0,8.0,8.0,8.0,7.0,35.0,10.0,20.0,20.0,10.0,5.0,0.26,5.0,0
375,20.0,25.0,25.0,10.0,10.0,10.0,8.0,10.0,10.0,8.0,35.0,10.0,20.0,20.0,10.0,5.0,-0.32,8.5,1
379,25.0,35.0,30.0,10.0,0.0,0.0,5.0,7.0,4.0,3.0,50.0,0.0,50.0,0.0,0.0,0.0,-0.13,5.0,0
380,25.0,15.0,25.0,25.0,15.0,15.0,7.0,6.0,7.0,8.0,50.0,0.0,50.0,0.0,0.0,0.0,-0.11,6.0,0
381,25.0,15.0,25.0,15.0,0.0,20.0,9.0,8.0,8.0,7.0,50.0,0.0,50.0,0.0,0.0,0.0,-0.19,8.0,0
383,20.0,20.0,25.0,25.0,5.0,5.0,5.0,7.0,6.0,5.0,50.0,0.0,50.0,0.0,0.0,0.0,0.06,6.0,0
384,30.0,15.0,25.0,25.0,5.0,0.0,5.0,8.0,5.0,3.0,50.0,0.0,50.0,0.0,0.0,0.0,0.52,7.0,0
385,20.0,20.0,20.0,20.0,5.0,15.0,7.0,8.0,7.0,6.0,50.0,0.0,50.0,0.0,0.0,0.0,0.0,7.0,0
387,25.0,10.0,35.0,15.0,0.0,15.0,8.0,7.0,9.0,4.0,50.0,0.0,50.0,0.0,0.0,0.0,-0.41,5.0,0
388,15.0,20.0,15.0,30.0,5.0,15.0,6.0,7.0,7.0,5.0,50.0,0.0,50.0,0.0,0.0,0.0,0.17,5.0,0
389,40.0,15.0,20.0,10.0,5.0,10.0,8.0,9.0,8.0,7.0,50.0,0.0,50.0,0.0,0.0,0.0,0.5,7.0,0
390,40.0,20.0,20.0,20.0,0.0,0.0,7.0,8.0,7.0,6.0,50.0,0.0,50.0,0.0,0.0,0.0,0.19,7.0,0
391,20.0,25.0,25.0,10.0,10.0,10.0,6.0,10.0,8.0,7.0,50.0,0.0,50.0,0.0,0.0,0.0,0.2,7.0,0
392,25.0,20.0,25.0,20.0,10.0,0.0,6.0,10.0,8.0,3.0,30.0,20.0,30.0,10.0,0.0,10.0,-0.29,8.0,0
394,20.0,25.0,20.0,15.0,10.0,10.0,6.0,10.0,8.0,6.0,30.0,20.0,30.0,10.0,0.0,10.0,0.77,5.0,0
395,25.0,35.0,30.0,10.0,0.0,0.0,4.0,7.0,3.0,4.0,30.0,20.0,30.0,10.0,0.0,10.0,0.09,6.0,0
396,25.0,15.0,25.0,25.0,15.0,15.0,6.0,7.0,6.0,8.0,30.0,20.0,30.0,10.0,0.0,10.0,-0.15,4.0,0
397,25.0,15.0,25.0,15.0,0.0,20.0,6.0,7.0,5.0,5.0,30.0,20.0,30.0,10.0,0.0,10.0,-0.41,5.0,0
398,20.0,35.0,20.0,10.0,10.0,5.0,6.0,7.0,8.0,8.0,30.0,20.0,30.0,10.0,0.0,10.0,-0.49,6.0,0
399,20.0,20.0,25.0,25.0,5.0,5.0,5.0,7.0,6.0,3.0,30.0,20.0,30.0,10.0,0.0,10.0,-0.18,6.0,0
401,20.0,20.0,20.0,20.0,5.0,15.0,7.0,8.0,8.0,7.0,30.0,20.0,30.0,10.0,0.0,10.0,-0.15,7.0,0
402,35.0,10.0,20.0,15.0,10.0,10.0,6.0,8.0,8.0,5.0,30.0,20.0,30.0,10.0,0.0,10.0,-0.46,7.0,0
403,25.0,10.0,35.0,15.0,0.0,15.0,6.0,8.0,6.0,4.0,30.0,20.0,30.0,10.0,0.0,10.0,0.3,3.0,0
404,15.0,20.0,15.0,30.0,5.0,15.0,5.0,6.0,6.0,6.0,30.0,20.0,30.0,10.0,0.0,10.0,-0.22,8.0,0
405,40.0,15.0,20.0,10.0,5.0,10.0,7.0,9.0,7.0,7.0,30.0,20.0,30.0,10.0,0.0,10.0,-0.24,6.0,0
406,40.0,20.0,20.0,20.0,0.0,0.0,5.0,8.0,7.0,7.0,30.0,20.0,30.0,10.0,0.0,10.0,-0.29,5.0,0
407,20.0,25.0,25.0,10.0,10.0,10.0,6.0,9.0,8.0,7.0,30.0,20.0,30.0,10.0,0.0,10.0,-0.15,5.0,0
410,20.0,25.0,20.0,15.0,10.0,10.0,6.0,7.0,6.0,3.0,30.0,5.0,30.0,15.0,15.0,5.0,0.35,5.0,0
412,25.0,15.0,25.0,25.0,15.0,15.0,8.0,8.0,7.0,6.0,30.0,5.0,30.0,15.0,15.0,5.0,-0.24,5.0,0
413,25.0,15.0,25.0,15.0,0.0,20.0,7.0,7.0,7.0,7.0,30.0,5.0,30.0,15.0,15.0,5.0,-0.05,5.0,0
415,20.0,20.0,25.0,25.0,5.0,5.0,5.0,7.0,7.0,6.0,30.0,5.0,30.0,15.0,15.0,5.0,0.12,5.0,0
416,30.0,15.0,25.0,25.0,5.0,0.0,7.0,7.0,5.0,3.0,30.0,5.0,30.0,15.0,15.0,5.0,0.43,4.0,0
417,20.0,20.0,20.0,20.0,5.0,15.0,8.0,7.0,6.0,6.0,30.0,5.0,30.0,15.0,15.0,5.0,-0.01,7.0,1
419,25.0,10.0,35.0,15.0,0.0,15.0,6.0,8.0,2.0,1.0,30.0,5.0,30.0,15.0,15.0,5.0,-0.19,3.0,0
420,15.0,20.0,15.0,30.0,5.0,15.0,6.0,6.0,5.0,5.0,30.0,5.0,30.0,15.0,15.0,5.0,0.35,4.0,0
421,40.0,15.0,20.0,10.0,5.0,10.0,8.0,8.0,8.0,7.0,30.0,5.0,30.0,15.0,15.0,5.0,0.24,5.0,0
424,25.0,20.0,25.0,20.0,10.0,0.0,5.0,6.0,5.0,3.0,20.0,23.0,23.0,22.0,7.0,5.0,-0.25,7.0,0
426,20.0,25.0,20.0,15.0,10.0,10.0,3.0,7.0,7.0,4.0,20.0,23.0,23.0,22.0,7.0,5.0,0.19,8.0,0
427,25.0,35.0,30.0,10.0,0.0,0.0,7.0,7.0,3.0,5.0,20.0,23.0,23.0,22.0,7.0,5.0,0.26,8.0,0
429,25.0,15.0,25.0,15.0,0.0,20.0,8.0,7.0,6.0,7.0,20.0,23.0,23.0,22.0,7.0,5.0,-0.01,8.0,1
430,20.0,35.0,20.0,10.0,10.0,5.0,8.0,8.0,6.0,8.0,20.0,23.0,23.0,22.0,7.0,5.0,0.01,8.0,1
431,20.0,20.0,25.0,25.0,5.0,5.0,7.0,6.0,5.0,4.0,20.0,23.0,23.0,22.0,7.0,5.0,-0.21,6.0,0
432,30.0,15.0,25.0,25.0,5.0,0.0,7.0,8.0,5.0,4.0,20.0,23.0,23.0,22.0,7.0,5.0,0.45,7.0,0
433,20.0,20.0,20.0,20.0,5.0,15.0,8.0,10.0,5.0,5.0,20.0,23.0,23.0,22.0,7.0,5.0,0.18,8.0,1
435,25.0,10.0,35.0,15.0,0.0,15.0,8.0,8.0,1.0,1.0,20.0,23.0,23.0,22.0,7.0,5.0,0.09,7.0,0
436,15.0,20.0,15.0,30.0,5.0,15.0,7.0,8.0,6.0,5.0,20.0,23.0,23.0,22.0,7.0,5.0,0.43,7.0,0
437,40.0,15.0,20.0,10.0,5.0,10.0,8.0,8.0,8.0,6.0,20.0,23.0,23.0,22.0,7.0,5.0,-0.2,8.0,1
438,40.0,20.0,20.0,20.0,0.0,0.0,8.0,9.0,7.0,7.0,20.0,23.0,23.0,22.0,7.0,5.0,-0.29,7.0,0
439,20.0,25.0,25.0,10.0,10.0,10.0,8.0,8.0,9.0,8.0,20.0,23.0,23.0,22.0,7.0,5.0,0.33,8.0,0
440,25.0,20.0,25.0,20.0,10.0,0.0,5.0,9.0,7.0,4.0,20.0,25.0,20.0,15.0,15.0,5.0,-0.04,2.0,0
443,25.0,35.0,30.0,10.0,0.0,0.0,6.0,5.0,4.0,4.0,20.0,25.0,20.0,15.0,15.0,5.0,0.05,1.0,0
445,25.0,15.0,25.0,15.0,0.0,20.0,7.0,8.0,7.0,7.0,20.0,25.0,20.0,15.0,15.0,5.0,-0.06,3.0,0
446,20.0,35.0,20.0,10.0,10.0,5.0,6.0,8.0,6.0,7.0,20.0,25.0,20.0,15.0,15.0,5.0,0.29,3.0,0
447,20.0,20.0,25.0,25.0,5.0,5.0,6.0,6.0,5.0,4.0,20.0,25.0,20.0,15.0,15.0,5.0,0.16,1.0,0
448,30.0,15.0,25.0,25.0,5.0,0.0,6.0,7.0,7.0,4.0,20.0,25.0,20.0,15.0,15.0,5.0,0.28,2.0,0
449,20.0,20.0,20.0,20.0,5.0,15.0,8.0,7.0,7.0,5.0,20.0,25.0,20.0,15.0,15.0,5.0,0.0,8.0,1
451,25.0,10.0,35.0,15.0,0.0,15.0,5.0,8.0,5.0,2.0,20.0,25.0,20.0,15.0,15.0,5.0,-0.47,5.0,1
452,15.0,20.0,15.0,30.0,5.0,15.0,6.0,6.0,7.0,5.0,20.0,25.0,20.0,15.0,15.0,5.0,-0.15,3.0,0
453,40.0,15.0,20.0,10.0,5.0,10.0,7.0,8.0,7.0,6.0,20.0,25.0,20.0,15.0,15.0,5.0,0.77,7.0,0
454,40.0,20.0,20.0,20.0,0.0,0.0,9.0,7.0,6.0,6.0,20.0,25.0,20.0,15.0,15.0,5.0,0.83,4.0,0
455,20.0,25.0,25.0,10.0,10.0,10.0,6.0,9.0,8.0,7.0,20.0,25.0,20.0,15.0,15.0,5.0,-0.12,5.0,0
456,25.0,20.0,25.0,20.0,10.0,0.0,4.0,8.0,7.0,3.0,10.0,10.0,30.0,25.0,10.0,15.0,0.13,3.0,0
459,25.0,35.0,30.0,10.0,0.0,0.0,4.0,7.0,3.0,4.0,10.0,10.0,30.0,25.0,10.0,15.0,-0.02,3.0,0
460,25.0,15.0,25.0,25.0,15.0,15.0,5.0,6.0,5.0,5.0,10.0,10.0,30.0,25.0,10.0,15.0,0.31,7.0,1
461,25.0,15.0,25.0,15.0,0.0,20.0,6.0,6.0,6.0,6.0,10.0,10.0,30.0,25.0,10.0,15.0,-0.01,4.0,0
462,20.0,35.0,20.0,10.0,10.0,5.0,6.0,9.0,8.0,7.0,10.0,10.0,30.0,25.0,10.0,15.0,0.09,6.0,0
464,30.0,15.0,25.0,25.0,5.0,0.0,3.0,6.0,5.0,4.0,10.0,10.0,30.0,25.0,10.0,15.0,0.57,7.0,0
465,20.0,20.0,20.0,20.0,5.0,15.0,6.0,8.0,6.0,3.0,10.0,10.0,30.0,25.0,10.0,15.0,-0.01,3.0,0
467,25.0,10.0,35.0,15.0,0.0,15.0,2.0,9.0,3.0,7.0,10.0,10.0,30.0,25.0,10.0,15.0,-0.47,6.0,0
468,15.0,20.0,15.0,30.0,5.0,15.0,5.0,6.0,7.0,5.0,10.0,10.0,30.0,25.0,10.0,15.0,-0.05,5.0,1
469,40.0,15.0,20.0,10.0,5.0,10.0,7.0,8.0,7.0,7.0,10.0,10.0,30.0,25.0,10.0,15.0,0.46,6.0,0
470,40.0,20.0,20.0,20.0,0.0,0.0,6.0,7.0,6.0,6.0,10.0,10.0,30.0,25.0,10.0,15.0,0.68,3.0,0
472,25.0,20.0,25.0,20.0,10.0,0.0,8.0,10.0,9.0,7.0,50.0,10.0,20.0,10.0,10.0,0.0,-0.15,5.0,0
475,25.0,35.0,30.0,10.0,0.0,0.0,4.0,7.0,6.0,2.0,50.0,10.0,20.0,10.0,10.0,0.0,-0.61,5.0,0
476,25.0,15.0,25.0,25.0,15.0,15.0,7.0,6.0,7.0,5.0,50.0,10.0,20.0,10.0,10.0,0.0,-0.16,5.0,0
477,25.0,15.0,25.0,15.0,0.0,20.0,6.0,7.0,9.0,7.0,50.0,10.0,20.0,10.0,10.0,0.0,-0.19,4.0,0
478,20.0,35.0,20.0,10.0,10.0,5.0,8.0,8.0,10.0,7.0,50.0,10.0,20.0,10.0,10.0,0.0,-0.32,6.0,0
479,20.0,20.0,25.0,25.0,5.0,5.0,6.0,7.0,6.0,6.0,50.0,10.0,20.0,10.0,10.0,0.0,-0.14,8.0,0
481,20.0,20.0,20.0,20.0,5.0,15.0,8.0,7.0,8.0,4.0,50.0,10.0,20.0,10.0,10.0,0.0,-0.36,7.0,1
483,25.0,10.0,35.0,15.0,0.0,15.0,6.0,8.0,6.0,7.0,50.0,10.0,20.0,10.0,10.0,0.0,-0.3,7.0,0
484,15.0,20.0,15.0,30.0,5.0,15.0,7.0,7.0,7.0,5.0,50.0,10.0,20.0,10.0,10.0,0.0,0.32,6.0,0
485,40.0,15.0,20.0,10.0,5.0,10.0,6.0,9.0,8.0,6.0,50.0,10.0,20.0,10.0,10.0,0.0,0.22,2.0,0
486,40.0,20.0,20.0,20.0,0.0,0.0,6.0,9.0,7.0,6.0,50.0,10.0,20.0,10.0,10.0,0.0,0.11,5.0,0
487,20.0,25.0,25.0,10.0,10.0,10.0,8.0,10.0,10.0,10.0,50.0,10.0,20.0,10.0,10.0,0.0,0.11,9.0,1
488,25.0,20.0,25.0,20.0,10.0,0.0,3.0,9.0,10.0,4.0,20.0,20.0,20.0,15.0,15.0,10.0,0.07,7.0,0
491,25.0,35.0,30.0,10.0,0.0,0.0,3.0,7.0,7.0,3.0,20.0,20.0,20.0,15.0,15.0,10.0,-0.23,8.0,0
492,25.0,15.0,25.0,25.0,15.0,15.0,8.0,5.0,5.0,4.0,20.0,20.0,20.0,15.0,15.0,10.0,-0.01,2.0,0
493,25.0,15.0,25.0,15.0,0.0,20.0,5.0,5.0,5.0,5.0,20.0,20.0,20.0,15.0,15.0,10.0,-0.08,5.0,0
495,20.0,20.0,25.0,25.0,5.0,5.0,3.0,6.0,5.0,6.0,20.0,20.0,20.0,15.0,15.0,10.0,0.12,7.0,1
496,30.0,15.0,25.0,25.0,5.0,0.0,3.0,5.0,6.0,3.0,20.0,20.0,20.0,15.0,15.0,10.0,0.5,7.0,0
504,12.0,18.0,20.0,16.0,16.0,18.0,6.0,7.0,9.0,7.0,25.0,20.0,25.0,20.0,10.0,0.0,-0.23,4.0,0
505,20.0,20.0,20.0,10.0,10.0,20.0,5.0,7.0,6.0,5.0,25.0,20.0,25.0,20.0,10.0,0.0,0.29,3.0,0
506,10.0,20.0,40.0,10.0,10.0,10.0,5.0,6.0,6.0,7.0,25.0,20.0,25.0,20.0,10.0,0.0,0.22,1.0,0
508,20.0,20.0,15.0,15.0,15.0,15.0,7.0,9.0,6.0,5.0,25.0,20.0,25.0,20.0,10.0,0.0,-0.12,3.0,0
509,20.0,20.0,20.0,15.0,15.0,10.0,2.0,5.0,3.0,2.0,25.0,20.0,25.0,20.0,10.0,0.0,-0.38,3.0,0
513,10.0,20.0,20.0,20.0,20.0,10.0,3.0,6.0,5.0,5.0,25.0,20.0,25.0,20.0,10.0,0.0,0.19,2.0,0
514,35.0,10.0,20.0,20.0,10.0,5.0,4.0,6.0,6.0,4.0,25.0,20.0,25.0,20.0,10.0,0.0,-0.19,2.0,0
516,30.0,20.0,30.0,10.0,0.0,10.0,6.0,7.0,10.0,4.0,25.0,20.0,25.0,20.0,10.0,0.0,-0.29,6.0,0
518,20.0,23.0,23.0,22.0,7.0,5.0,6.0,9.0,7.0,8.0,25.0,20.0,25.0,20.0,10.0,0.0,-0.25,3.0,0
519,20.0,25.0,20.0,15.0,15.0,5.0,2.0,2.0,3.0,3.0,25.0,20.0,25.0,20.0,10.0,0.0,-0.04,3.0,0
520,10.0,10.0,30.0,25.0,10.0,15.0,2.0,5.0,4.0,3.0,25.0,20.0,25.0,20.0,10.0,0.0,0.13,1.0,0
521,50.0,10.0,20.0,10.0,10.0,0.0,2.0,10.0,3.0,3.0,25.0,20.0,25.0,20.0,10.0,0.0,-0.15,3.0,0
522,20.0,20.0,20.0,15.0,15.0,10.0,6.0,9.0,9.0,8.0,25.0,20.0,25.0,20.0,10.0,0.0,0.07,3.0,0
542,12.0,18.0,20.0,16.0,16.0,18.0,8.0,8.0,8.0,6.0,20.0,25.0,20.0,15.0,10.0,10.0,0.46,6.0,0
543,20.0,20.0,20.0,10.0,10.0,20.0,5.0,6.0,5.0,3.0,20.0,25.0,20.0,15.0,10.0,10.0,0.44,2.0,0
554,30.0,20.0,30.0,10.0,0.0,10.0,6.0,6.0,6.0,5.0,20.0,25.0,20.0,15.0,10.0,10.0,0.77,6.0,0
555,30.0,5.0,30.0,15.0,15.0,5.0,5.0,5.0,6.0,6.0,20.0,25.0,20.0,15.0,10.0,10.0,0.35,5.0,0
556,20.0,23.0,23.0,22.0,7.0,5.0,6.0,9.0,8.0,9.0,20.0,25.0,20.0,15.0,10.0,10.0,0.19,4.0,0
561,12.0,18.0,20.0,16.0,16.0,18.0,5.0,8.0,4.0,3.0,25.0,35.0,30.0,10.0,0.0,0.0,0.43,5.0,0
562,20.0,20.0,20.0,10.0,10.0,20.0,5.0,7.0,5.0,3.0,25.0,35.0,30.0,10.0,0.0,0.0,-0.04,5.0,0
563,10.0,20.0,40.0,10.0,10.0,10.0,5.0,8.0,6.0,7.0,25.0,35.0,30.0,10.0,0.0,0.0,-0.35,6.0,1
565,20.0,20.0,15.0,15.0,15.0,15.0,4.0,10.0,4.0,4.0,25.0,35.0,30.0,10.0,0.0,0.0,-0.2,6.0,0
566,20.0,20.0,20.0,15.0,15.0,10.0,2.0,7.0,1.0,2.0,25.0,35.0,30.0,10.0,0.0,0.0,-0.02,5.0,0
567,17.0,10.0,18.0,20.0,25.0,10.0,1.0,7.0,6.0,3.0,25.0,35.0,30.0,10.0,0.0,0.0,-0.16,6.0,0
570,10.0,20.0,20.0,20.0,20.0,10.0,4.0,6.0,5.0,6.0,25.0,35.0,30.0,10.0,0.0,0.0,0.21,3.0,0
571,35.0,10.0,20.0,20.0,10.0,5.0,4.0,6.0,5.0,5.0,25.0,35.0,30.0,10.0,0.0,0.0,-0.48,6.0,0
572,50.0,0.0,50.0,0.0,0.0,0.0,5.0,7.0,6.0,5.0,25.0,35.0,30.0,10.0,0.0,0.0,-0.13,6.0,0
573,30.0,20.0,30.0,10.0,0.0,10.0,5.0,7.0,5.0,5.0,25.0,35.0,30.0,10.0,0.0,0.0,0.09,4.0,0
575,20.0,23.0,23.0,22.0,7.0,5.0,6.0,8.0,8.0,7.0,25.0,35.0,30.0,10.0,0.0,0.0,0.26,5.0,0
576,20.0,25.0,20.0,15.0,15.0,5.0,1.0,1.0,1.0,1.0,25.0,35.0,30.0,10.0,0.0,0.0,0.05,5.0,0
577,10.0,10.0,30.0,25.0,10.0,15.0,4.0,8.0,2.0,2.0,25.0,35.0,30.0,10.0,0.0,0.0,-0.02,4.0,0
578,50.0,10.0,20.0,10.0,10.0,0.0,3.0,10.0,4.0,2.0,25.0,35.0,30.0,10.0,0.0,0.0,-0.61,5.0,0
579,20.0,20.0,20.0,15.0,15.0,10.0,7.0,8.0,7.0,5.0,25.0,35.0,30.0,10.0,0.0,0.0,-0.23,6.0,0
580,12.0,18.0,20.0,16.0,16.0,18.0,7.0,8.0,5.0,2.0,25.0,15.0,25.0,25.0,15.0,15.0,-0.4,8.0,0
581,20.0,20.0,20.0,10.0,10.0,20.0,6.0,8.0,7.0,6.0,25.0,15.0,25.0,25.0,15.0,15.0,-0.21,6.0,1
582,10.0,20.0,40.0,10.0,10.0,10.0,7.0,7.0,6.0,9.0,25.0,15.0,25.0,25.0,15.0,15.0,-0.17,8.0,1
584,20.0,20.0,15.0,15.0,15.0,15.0,6.0,9.0,7.0,3.0,25.0,15.0,25.0,25.0,15.0,15.0,-0.29,7.0,0
585,20.0,20.0,20.0,15.0,15.0,10.0,3.0,7.0,6.0,4.0,25.0,15.0,25.0,25.0,15.0,15.0,0.46,9.0,0
586,17.0,10.0,18.0,20.0,25.0,10.0,1.0,4.0,2.0,1.0,25.0,15.0,25.0,25.0,15.0,15.0,0.44,7.0,0
588,20.0,22.0,18.0,15.0,15.0,10.0,8.0,7.0,3.0,2.0,25.0,15.0,25.0,25.0,15.0,15.0,-0.41,7.0,1
589,10.0,20.0,20.0,20.0,20.0,10.0,6.0,7.0,5.0,3.0,25.0,15.0,25.0,25.0,15.0,15.0,-0.27,8.0,0
590,35.0,10.0,20.0,20.0,10.0,5.0,4.0,7.0,5.0,5.0,25.0,15.0,25.0,25.0,15.0,15.0,0.0,9.0,0
591,50.0,0.0,50.0,0.0,0.0,0.0,5.0,9.0,5.0,6.0,25.0,15.0,25.0,25.0,15.0,15.0,-0.11,9.0,0
592,30.0,20.0,30.0,10.0,0.0,10.0,5.0,6.0,2.0,7.0,25.0,15.0,25.0,25.0,15.0,15.0,-0.15,6.0,0
593,30.0,5.0,30.0,15.0,15.0,5.0,4.0,5.0,4.0,3.0,25.0,15.0,25.0,25.0,15.0,15.0,-0.24,8.0,0
595,20.0,25.0,20.0,15.0,15.0,5.0,1.0,1.0,1.0,1.0,25.0,15.0,25.0,25.0,15.0,15.0,0.48,9.0,0
596,10.0,10.0,30.0,25.0,10.0,15.0,7.0,8.0,6.0,6.0,25.0,15.0,25.0,25.0,15.0,15.0,0.31,6.0,1
597,50.0,10.0,20.0,10.0,10.0,0.0,5.0,7.0,4.0,7.0,25.0,15.0,25.0,25.0,15.0,15.0,-0.16,7.0,0
598,20.0,20.0,20.0,15.0,15.0,10.0,4.0,7.0,4.0,1.0,25.0,15.0,25.0,25.0,15.0,15.0,-0.01,5.0,0
599,12.0,18.0,20.0,16.0,16.0,18.0,6.0,8.0,6.0,4.0,25.0,15.0,25.0,15.0,0.0,20.0,0.01,7.0,0
600,20.0,20.0,20.0,10.0,10.0,20.0,6.0,7.0,4.0,6.0,25.0,15.0,25.0,15.0,0.0,20.0,-0.02,6.0,1
601,10.0,20.0,40.0,10.0,10.0,10.0,6.0,7.0,6.0,5.0,25.0,15.0,25.0,15.0,0.0,20.0,-0.1,7.0,1
603,20.0,20.0,15.0,15.0,15.0,15.0,6.0,7.0,5.0,7.0,25.0,15.0,25.0,15.0,0.0,20.0,-0.01,7.0,0
604,20.0,20.0,20.0,15.0,15.0,10.0,4.0,6.0,1.0,3.0,25.0,15.0,25.0,15.0,0.0,20.0,-0.06,8.0,0
605,17.0,10.0,18.0,20.0,25.0,10.0,3.0,6.0,4.0,1.0,25.0,15.0,25.0,15.0,0.0,20.0,-0.27,8.0,0
607,20.0,22.0,18.0,15.0,15.0,10.0,6.0,7.0,4.0,2.0,25.0,15.0,25.0,15.0,0.0,20.0,0.08,7.0,1
608,10.0,20.0,20.0,20.0,20.0,10.0,4.0,5.0,2.0,5.0,25.0,15.0,25.0,15.0,0.0,20.0,-0.41,6.0,0
609,35.0,10.0,20.0,20.0,10.0,5.0,4.0,7.0,3.0,4.0,25.0,15.0,25.0,15.0,0.0,20.0,-0.38,8.0,0
610,50.0,0.0,50.0,0.0,0.0,0.0,8.0,9.0,5.0,6.0,25.0,15.0,25.0,15.0,0.0,20.0,-0.19,7.0,0
611,30.0,20.0,30.0,10.0,0.0,10.0,6.0,7.0,3.0,3.0,25.0,15.0,25.0,15.0,0.0,20.0,-0.41,6.0,0
612,30.0,5.0,30.0,15.0,15.0,5.0,4.0,6.0,5.0,5.0,25.0,15.0,25.0,15.0,0.0,20.0,-0.05,7.0,0
613,20.0,23.0,23.0,22.0,7.0,5.0,7.0,9.0,7.0,9.0,25.0,15.0,25.0,15.0,0.0,20.0,-0.01,7.0,1
614,20.0,25.0,20.0,15.0,15.0,5.0,2.0,5.0,2.0,4.0,25.0,15.0,25.0,15.0,0.0,20.0,-0.06,7.0,0
615,10.0,10.0,30.0,25.0,10.0,15.0,6.0,7.0,4.0,2.0,25.0,15.0,25.0,15.0,0.0,20.0,-0.01,7.0,0
616,50.0,10.0,20.0,10.0,10.0,0.0,6.0,8.0,3.0,3.0,25.0,15.0,25.0,15.0,0.0,20.0,-0.19,7.0,0
617,20.0,20.0,20.0,15.0,15.0,10.0,4.0,7.0,1.0,1.0,25.0,15.0,25.0,15.0,0.0,20.0,-0.08,5.0,0
618,12.0,18.0,20.0,16.0,16.0,18.0,6.0,8.0,6.0,5.0,20.0,35.0,20.0,10.0,10.0,5.0,0.22,8.0,0
619,20.0,20.0,20.0,10.0,10.0,20.0,8.0,7.0,7.0,7.0,20.0,35.0,20.0,10.0,10.0,5.0,-0.33,5.0,0
620,10.0,20.0,40.0,10.0,10.0,10.0,7.0,7.0,7.0,6.0,20.0,35.0,20.0,10.0,10.0,5.0,-0.52,8.0,0
622,20.0,20.0,15.0,15.0,15.0,15.0,7.0,8.0,6.0,6.0,20.0,35.0,20.0,10.0,10.0,5.0,-0.24,9.5,0
623,20.0,20.0,20.0,15.0,15.0,10.0,7.0,5.0,6.0,4.0,20.0,35.0,20.0,10.0,10.0,5.0,0.22,9.5,0
624,17.0,10.0,18.0,20.0,25.0,10.0,8.0,6.0,6.0,4.0,20.0,35.0,20.0,10.0,10.0,5.0,0.29,9.5,1
627,10.0,20.0,20.0,20.0,20.0,10.0,8.0,7.0,7.0,5.0,20.0,35.0,20.0,10.0,10.0,5.0,-0.02,7.0,0
628,35.0,10.0,20.0,20.0,10.0,5.0,9.0,7.0,7.0,5.0,20.0,35.0,20.0,10.0,10.0,5.0,-0.34,8.0,0
630,30.0,20.0,30.0,10.0,0.0,10.0,8.0,9.0,5.0,4.0,20.0,35.0,20.0,10.0,10.0,5.0,-0.49,7.0,0
632,20.0,23.0,23.0,22.0,7.0,5.0,8.0,9.0,9.0,10.0,20.0,35.0,20.0,10.0,10.0,5.0,0.01,8.0,1
633,20.0,25.0,20.0,15.0,15.0,5.0,2.0,4.0,3.0,2.0,20.0,35.0,20.0,10.0,10.0,5.0,0.29,6.0,0
634,10.0,10.0,30.0,25.0,10.0,15.0,8.0,9.0,7.0,5.0,20.0,35.0,20.0,10.0,10.0,5.0,0.09,7.0,0
635,50.0,10.0,20.0,10.0,10.0,0.0,10.0,6.0,9.0,3.0,20.0,35.0,20.0,10.0,10.0,5.0,-0.32,8.0,0
637,12.0,18.0,20.0,16.0,16.0,18.0,4.0,7.0,4.0,3.0,20.0,20.0,25.0,25.0,5.0,5.0,-0.06,5.0,0
639,10.0,20.0,40.0,10.0,10.0,10.0,5.0,7.0,6.0,6.0,20.0,20.0,25.0,25.0,5.0,5.0,0.21,6.0,0
640,10.0,20.0,20.0,15.0,20.0,15.0,5.0,7.0,7.0,7.0,20.0,20.0,25.0,25.0,5.0,5.0,0.04,6.0,0
641,20.0,20.0,15.0,15.0,15.0,15.0,3.0,9.0,8.0,5.0,20.0,20.0,25.0,25.0,5.0,5.0,-0.05,6.0,0
642,20.0,20.0,20.0,15.0,15.0,10.0,3.0,6.0,4.0,2.0,20.0,20.0,25.0,25.0,5.0,5.0,-0.05,6.0,0
643,17.0,10.0,18.0,20.0,25.0,10.0,1.0,5.0,4.0,4.0,20.0,20.0,25.0,25.0,5.0,5.0,-0.28,7.0,0
646,10.0,20.0,20.0,20.0,20.0,10.0,5.0,5.0,7.0,6.0,20.0,20.0,25.0,25.0,5.0,5.0,0.09,6.0,0
647,35.0,10.0,20.0,20.0,10.0,5.0,2.0,4.0,2.0,2.0,20.0,20.0,25.0,25.0,5.0,5.0,-0.27,6.0,0
648,50.0,0.0,50.0,0.0,0.0,0.0,7.0,8.0,7.0,8.0,20.0,20.0,25.0,25.0,5.0,5.0,0.06,6.0,0
649,30.0,20.0,30.0,10.0,0.0,10.0,4.0,6.0,7.0,4.0,20.0,20.0,25.0,25.0,5.0,5.0,-0.18,6.0,0
650,30.0,5.0,30.0,15.0,15.0,5.0,3.0,5.0,3.0,3.0,20.0,20.0,25.0,25.0,5.0,5.0,0.12,6.0,0
651,20.0,23.0,23.0,22.0,7.0,5.0,5.0,8.0,8.0,8.0,20.0,20.0,25.0,25.0,5.0,5.0,-0.21,6.0,0
652,20.0,25.0,20.0,15.0,15.0,5.0,1.0,5.0,1.0,1.0,20.0,20.0,25.0,25.0,5.0,5.0,0.16,5.0,0
654,50.0,10.0,20.0,10.0,10.0,0.0,7.0,7.0,7.0,3.0,20.0,20.0,25.0,25.0,5.0,5.0,-0.14,6.0,0
655,20.0,20.0,20.0,15.0,15.0,10.0,5.0,8.0,8.0,7.0,20.0,20.0,25.0,25.0,5.0,5.0,0.12,5.0,1
656,12.0,18.0,20.0,16.0,16.0,18.0,7.0,7.0,5.0,3.0,30.0,15.0,25.0,25.0,5.0,0.0,-0.08,4.0,0
658,10.0,20.0,40.0,10.0,10.0,10.0,6.0,6.0,8.0,5.0,30.0,15.0,25.0,25.0,5.0,0.0,0.58,3.0,0
664,20.0,22.0,18.0,15.0,15.0,10.0,8.0,8.0,8.0,6.0,30.0,15.0,25.0,25.0,5.0,0.0,0.11,5.0,0
667,50.0,0.0,50.0,0.0,0.0,0.0,7.0,7.0,9.0,4.0,30.0,15.0,25.0,25.0,5.0,0.0,0.52,4.0,0
669,30.0,5.0,30.0,15.0,15.0,5.0,5.0,3.0,3.0,2.0,30.0,15.0,25.0,25.0,5.0,0.0,0.43,7.0,0
670,20.0,23.0,23.0,22.0,7.0,5.0,8.0,7.0,8.0,6.0,30.0,15.0,25.0,25.0,5.0,0.0,0.45,6.0,0
671,20.0,25.0,20.0,15.0,15.0,5.0,3.0,2.0,2.0,3.0,30.0,15.0,25.0,25.0,5.0,0.0,0.28,6.0,0
672,10.0,10.0,30.0,25.0,10.0,15.0,8.0,6.0,9.0,6.0,30.0,15.0,25.0,25.0,5.0,0.0,0.57,4.0,0
674,20.0,20.0,20.0,15.0,15.0,10.0,8.0,6.0,7.0,5.0,30.0,15.0,25.0,25.0,5.0,0.0,0.5,4.0,0
675,12.0,18.0,20.0,16.0,16.0,18.0,9.0,10.0,9.0,8.0,20.0,20.0,20.0,20.0,5.0,15.0,0.28,6.0,0
677,10.0,20.0,40.0,10.0,10.0,10.0,7.0,6.0,7.0,7.0,20.0,20.0,20.0,20.0,5.0,15.0,-0.23,6.0,0
679,20.0,20.0,15.0,15.0,15.0,15.0,8.0,9.0,8.0,8.0,20.0,20.0,20.0,20.0,5.0,15.0,0.06,8.0,0
680,20.0,20.0,20.0,15.0,15.0,10.0,5.0,8.0,7.0,6.0,20.0,20.0,20.0,20.0,5.0,15.0,0.02,8.0,0
683,20.0,22.0,18.0,15.0,15.0,10.0,7.0,6.0,8.0,4.0,20.0,20.0,20.0,20.0,5.0,15.0,0.2,7.0,0
686,50.0,0.0,50.0,0.0,0.0,0.0,6.0,9.0,9.0,6.0,20.0,20.0,20.0,20.0,5.0,15.0,0.0,6.0,0
687,30.0,20.0,30.0,10.0,0.0,10.0,6.0,8.0,5.0,5.0,20.0,20.0,20.0,20.0,5.0,15.0,-0.15,8.0,0
688,30.0,5.0,30.0,15.0,15.0,5.0,7.0,8.0,7.0,6.0,20.0,20.0,20.0,20.0,5.0,15.0,-0.01,6.0,1
689,20.0,23.0,23.0,22.0,7.0,5.0,7.0,9.0,9.0,10.0,20.0,20.0,20.0,20.0,5.0,15.0,0.18,7.0,1
690,20.0,25.0,20.0,15.0,15.0,5.0,4.0,8.0,8.0,8.0,20.0,20.0,20.0,20.0,5.0,15.0,0.0,8.0,1
691,10.0,10.0,30.0,25.0,10.0,15.0,6.0,5.0,4.0,4.0,20.0,20.0,20.0,20.0,5.0,15.0,-0.01,7.0,0
692,50.0,10.0,20.0,10.0,10.0,0.0,9.0,9.0,8.0,3.0,20.0,20.0,20.0,20.0,5.0,15.0,-0.36,8.0,1
706,30.0,20.0,30.0,10.0,0.0,10.0,7.0,7.0,7.0,5.0,35.0,10.0,20.0,15.0,10.0,10.0,-0.46,7.0,0
713,12.0,18.0,20.0,16.0,16.0,18.0,7.0,6.0,4.0,2.0,25.0,10.0,35.0,15.0,0.0,15.0,0.44,5.0,0
714,20.0,20.0,20.0,10.0,10.0,20.0,3.0,5.0,4.0,2.0,25.0,10.0,35.0,15.0,0.0,15.0,-0.52,2.0,0
715,10.0,20.0,40.0,10.0,10.0,10.0,7.0,5.0,4.0,4.0,25.0,10.0,35.0,15.0,0.0,15.0,-0.57,2.0,0
717,20.0,20.0,15.0,15.0,15.0,15.0,6.0,8.0,7.0,8.0,25.0,10.0,35.0,15.0,0.0,15.0,0.11,3.0,0
718,20.0,20.0,20.0,15.0,15.0,10.0,6.0,6.0,5.0,6.0,25.0,10.0,35.0,15.0,0.0,15.0,0.05,6.0,0
719,17.0,10.0,18.0,20.0,25.0,10.0,1.0,6.0,1.0,2.0,25.0,10.0,35.0,15.0,0.0,15.0,0.2,6.0,0
721,20.0,22.0,18.0,15.0,15.0,10.0,6.0,7.0,4.0,6.0,25.0,10.0,35.0,15.0,0.0,15.0,-0.05,6.0,0
722,10.0,20.0,20.0,20.0,20.0,10.0,5.0,5.0,2.0,3.0,25.0,10.0,35.0,15.0,0.0,15.0,-0.27,4.0,0
723,35.0,10.0,20.0,20.0,10.0,5.0,4.0,5.0,5.0,5.0,25.0,10.0,35.0,15.0,0.0,15.0,-0.35,6.0,0
724,50.0,0.0,50.0,0.0,0.0,0.0,5.0,7.0,6.0,5.0,25.0,10.0,35.0,15.0,0.0,15.0,-0.41,8.0,0
725,30.0,20.0,30.0,10.0,0.0,10.0,7.0,9.0,1.0,2.0,25.0,10.0,35.0,15.0,0.0,15.0,0.3,6.0,0
726,30.0,5.0,30.0,15.0,15.0,5.0,3.0,4.0,2.0,2.0,25.0,10.0,35.0,15.0,0.0,15.0,-0.19,6.0,0
727,20.0,23.0,23.0,22.0,7.0,5.0,8.0,6.0,6.0,6.0,25.0,10.0,35.0,15.0,0.0,15.0,0.09,3.0,0
728,20.0,25.0,20.0,15.0,15.0,5.0,5.0,6.0,2.0,4.0,25.0,10.0,35.0,15.0,0.0,15.0,-0.47,5.0,1
729,10.0,10.0,30.0,25.0,10.0,15.0,7.0,7.0,7.0,8.0,25.0,10.0,35.0,15.0,0.0,15.0,-0.47,7.0,0
730,50.0,10.0,20.0,10.0,10.0,0.0,8.0,9.0,8.0,3.0,25.0,10.0,35.0,15.0,0.0,15.0,-0.3,8.0,0
732,12.0,18.0,20.0,16.0,16.0,18.0,5.0,8.0,5.0,2.0,15.0,20.0,15.0,30.0,5.0,15.0,0.62,6.0,0
733,20.0,20.0,20.0,10.0,10.0,20.0,3.0,7.0,5.0,4.0,15.0,20.0,15.0,30.0,5.0,15.0,0.03,4.0,0
734,10.0,20.0,40.0,10.0,10.0,10.0,6.0,5.0,7.0,6.0,15.0,20.0,15.0,30.0,5.0,15.0,-0.13,5.0,0
736,20.0,20.0,15.0,15.0,15.0,15.0,5.0,7.0,5.0,7.0,15.0,20.0,15.0,30.0,5.0,15.0,0.28,7.0,0
737,20.0,20.0,20.0,15.0,15.0,10.0,2.0,6.0,4.0,4.0,15.0,20.0,15.0,30.0,5.0,15.0,0.06,7.0,0
738,17.0,10.0,18.0,20.0,25.0,10.0,1.0,7.0,1.0,2.0,15.0,20.0,15.0,30.0,5.0,15.0,-0.31,7.0,0
740,20.0,22.0,18.0,15.0,15.0,10.0,6.0,8.0,5.0,5.0,15.0,20.0,15.0,30.0,5.0,15.0,0.42,5.0,0
741,10.0,20.0,20.0,20.0,20.0,10.0,3.0,8.0,6.0,5.0,15.0,20.0,15.0,30.0,5.0,15.0,0.11,5.0,0
742,35.0,10.0,20.0,20.0,10.0,5.0,3.0,8.0,5.0,5.0,15.0,20.0,15.0,30.0,5.0,15.0,0.03,7.0,0
743,50.0,0.0,50.0,0.0,0.0,0.0,4.0,6.0,6.0,4.0,15.0,20.0,15.0,30.0,5.0,15.0,0.17,7.0,0
744,30.0,20.0,30.0,10.0,0.0,10.0,9.0,8.0,9.0,9.0,15.0,20.0,15.0,30.0,5.0,15.0,-0.22,5.0,0
745,30.0,5.0,30.0,15.0,15.0,5.0,4.0,5.0,4.0,3.0,15.0,20.0,15.0,30.0,5.0,15.0,0.35,5.0,0
746,20.0,23.0,23.0,22.0,7.0,5.0,6.0,10.0,7.0,9.0,15.0,20.0,15.0,30.0,5.0,15.0,0.43,6.0,0
747,20.0,25.0,20.0,15.0,15.0,5.0,1.0,5.0,2.0,2.0,15.0,20.0,15.0,30.0,5.0,15.0,-0.15,6.0,0
749,50.0,10.0,20.0,10.0,10.0,0.0,2.0,9.0,3.0,3.0,15.0,20.0,15.0,30.0,5.0,15.0,0.32,5.0,0
751,12.0,18.0,20.0,16.0,16.0,18.0,6.0,7.0,7.0,2.0,40.0,15.0,20.0,10.0,5.0,10.0,-0.08,7.0,0
752,20.0,20.0,20.0,10.0,10.0,20.0,7.0,8.0,6.0,8.0,40.0,15.0,20.0,10.0,5.0,10.0,0.5,7.0,0
755,20.0,20.0,15.0,15.0,15.0,15.0,7.0,9.0,7.0,5.0,40.0,15.0,20.0,10.0,5.0,10.0,0.11,8.0,0
756,20.0,20.0,20.0,15.0,15.0,10.0,6.0,8.0,6.0,5.0,40.0,15.0,20.0,10.0,5.0,10.0,0.08,8.0,0
757,17.0,10.0,18.0,20.0,25.0,10.0,6.0,8.0,3.0,2.0,40.0,15.0,20.0,10.0,5.0,10.0,-0.07,8.0,0
760,10.0,20.0,20.0,20.0,20.0,10.0,7.0,8.0,7.0,7.0,40.0,15.0,20.0,10.0,5.0,10.0,0.16,7.0,0
761,35.0,10.0,20.0,20.0,10.0,5.0,7.0,7.0,6.0,6.0,40.0,15.0,20.0,10.0,5.0,10.0,0.4,8.0,0
762,50.0,0.0,50.0,0.0,0.0,0.0,7.0,9.0,8.0,9.0,40.0,15.0,20.0,10.0,5.0,10.0,0.5,7.0,0
763,30.0,20.0,30.0,10.0,0.0,10.0,8.0,5.0,6.0,4.0,40.0,15.0,20.0,10.0,5.0,10.0,-0.24,7.0,0
764,30.0,5.0,30.0,15.0,15.0,5.0,5.0,6.0,3.0,3.0,40.0,15.0,20.0,10.0,5.0,10.0,0.24,8.0,0
765,20.0,23.0,23.0,22.0,7.0,5.0,8.0,8.0,8.0,6.0,40.0,15.0,20.0,10.0,5.0,10.0,-0.2,8.0,1
766,20.0,25.0,20.0,15.0,15.0,5.0,9.0,8.0,5.0,7.0,40.0,15.0,20.0,10.0,5.0,10.0,0.77,6.0,0
767,10.0,10.0,30.0,25.0,10.0,15.0,7.0,7.0,4.0,4.0,40.0,15.0,20.0,10.0,5.0,10.0,0.46,7.0,0
768,50.0,10.0,20.0,10.0,10.0,0.0,3.0,9.0,3.0,5.0,40.0,15.0,20.0,10.0,5.0,10.0,0.22,6.0,0
770,12.0,18.0,20.0,16.0,16.0,18.0,6.0,7.0,6.0,2.0,40.0,20.0,20.0,20.0,0.0,0.0,-0.2,5.0,0
771,20.0,20.0,20.0,10.0,10.0,20.0,4.0,5.0,4.0,4.0,40.0,20.0,20.0,20.0,0.0,0.0,0.33,6.0,0
772,10.0,20.0,40.0,10.0,10.0,10.0,6.0,6.0,6.0,5.0,40.0,20.0,20.0,20.0,0.0,0.0,0.35,7.0,0
774,20.0,20.0,15.0,15.0,15.0,15.0,5.0,8.0,6.0,6.0,40.0,20.0,20.0,20.0,0.0,0.0,-0.15,7.0,0
775,20.0,20.0,20.0,15.0,15.0,10.0,2.0,7.0,2.0,2.0,40.0,20.0,20.0,20.0,0.0,0.0,0.16,7.0,0
776,17.0,10.0,18.0,20.0,25.0,10.0,2.0,7.0,3.0,2.0,40.0,20.0,20.0,20.0,0.0,0.0,-0.06,8.0,0
778,20.0,22.0,18.0,15.0,15.0,10.0,6.0,6.0,4.0,5.0,40.0,20.0,20.0,20.0,0.0,0.0,-0.16,6.0,0
779,10.0,20.0,20.0,20.0,20.0,10.0,3.0,8.0,4.0,6.0,40.0,20.0,20.0,20.0,0.0,0.0,0.21,6.0,0
780,35.0,10.0,20.0,20.0,10.0,5.0,4.0,6.0,4.0,5.0,40.0,20.0,20.0,20.0,0.0,0.0,0.26,7.0,0
781,50.0,0.0,50.0,0.0,0.0,0.0,7.0,9.0,8.0,9.0,40.0,20.0,20.0,20.0,0.0,0.0,0.19,7.0,0
782,30.0,20.0,30.0,10.0,0.0,10.0,5.0,5.0,5.0,8.0,40.0,20.0,20.0,20.0,0.0,0.0,-0.29,6.0,0
783,30.0,5.0,30.0,15.0,15.0,5.0,4.0,6.0,5.0,3.0,40.0,20.0,20.0,20.0,0.0,0.0,0.16,7.0,0
784,20.0,23.0,23.0,22.0,7.0,5.0,6.0,8.0,6.0,9.0,40.0,20.0,20.0,20.0,0.0,0.0,-0.29,7.0,0
785,20.0,25.0,20.0,15.0,15.0,5.0,3.0,6.0,4.0,2.0,40.0,20.0,20.0,20.0,0.0,0.0,0.83,7.0,0
786,10.0,10.0,30.0,25.0,10.0,15.0,4.0,4.0,2.0,3.0,40.0,20.0,20.0,20.0,0.0,0.0,0.68,7.0,0
787,50.0,10.0,20.0,10.0,10.0,0.0,3.0,9.0,5.0,5.0,40.0,20.0,20.0,20.0,0.0,0.0,0.11,6.0,0
789,12.0,18.0,20.0,16.0,16.0,18.0,5.0,9.0,8.0,5.0,20.0,25.0,25.0,10.0,10.0,10.0,0.39,6.0,0
790,20.0,20.0,20.0,10.0,10.0,20.0,6.0,7.0,7.0,7.0,20.0,25.0,25.0,10.0,10.0,10.0,0.16,7.0,0
791,10.0,20.0,40.0,10.0,10.0,10.0,6.0,7.0,6.0,5.0,20.0,25.0,25.0,10.0,10.0,10.0,0.1,7.0,0
793,20.0,20.0,15.0,15.0,15.0,15.0,7.0,7.0,8.0,6.0,20.0,25.0,25.0,10.0,10.0,10.0,0.53,9.0,0
794,20.0,20.0,20.0,15.0,15.0,10.0,6.0,6.0,6.0,4.0,20.0,25.0,25.0,10.0,10.0,10.0,0.03,9.0,0
795,17.0,10.0,18.0,20.0,25.0,10.0,5.0,6.0,4.0,4.0,20.0,25.0,25.0,10.0,10.0,10.0,-0.16,10.0,0
797,20.0,22.0,18.0,15.0,15.0,10.0,6.0,7.0,6.0,3.0,20.0,25.0,25.0,10.0,10.0,10.0,0.52,7.0,0
798,10.0,20.0,20.0,20.0,20.0,10.0,7.0,8.0,8.0,8.0,20.0,25.0,25.0,10.0,10.0,10.0,0.49,8.0,1
799,35.0,10.0,20.0,20.0,10.0,5.0,9.0,7.0,10.0,8.0,20.0,25.0,25.0,10.0,10.0,10.0,-0.32,10.0,1
800,50.0,0.0,50.0,0.0,0.0,0.0,8.0,7.0,9.0,5.0,20.0,25.0,25.0,10.0,10.0,10.0,0.2,8.0,0
801,30.0,20.0,30.0,10.0,0.0,10.0,7.0,6.0,6.0,4.0,20.0,25.0,25.0,10.0,10.0,10.0,-0.15,8.0,0
802,30.0,5.0,30.0,15.0,15.0,5.0,4.0,5.0,6.0,5.0,20.0,25.0,25.0,10.0,10.0,10.0,0.5,10.0,0
803,20.0,23.0,23.0,22.0,7.0,5.0,6.0,8.0,8.0,6.0,20.0,25.0,25.0,10.0,10.0,10.0,0.33,8.0,0
804,20.0,25.0,20.0,15.0,15.0,5.0,5.0,8.0,6.0,4.0,20.0,25.0,25.0,10.0,10.0,10.0,-0.12,7.0,0
806,50.0,10.0,20.0,10.0,10.0,0.0,8.0,8.0,8.0,8.0,20.0,25.0,25.0,10.0,10.0,10.0,0.11,10.0,1
808,20.0,25.0,15.0,15.0,53.0,20.0,7.0,6.0,7.0,5.0,17.0,18.0,18.0,15.0,17.0,15.0,0.26,2.0,0
809,20.0,15.0,20.0,20.0,5.0,10.0,8.0,7.0,7.0,5.0,17.0,18.0,18.0,15.0,17.0,15.0,-0.15,5.0,0
812,25.0,10.0,20.0,20.0,15.0,10.0,8.0,7.0,7.0,5.0,17.0,18.0,18.0,15.0,17.0,15.0,0.07,9.0,1
813,60.0,15.0,0.0,15.0,0.0,10.0,9.0,8.0,10.0,6.0,17.0,18.0,18.0,15.0,17.0,15.0,-0.37,5.0,0
814,21.0,20.0,19.0,20.0,10.0,10.0,7.0,7.0,5.0,5.0,17.0,18.0,18.0,15.0,17.0,15.0,0.65,3.0,0
815,30.0,10.0,20.0,30.0,0.0,10.0,7.0,6.0,5.0,5.0,17.0,18.0,18.0,15.0,17.0,15.0,-0.31,6.0,0
816,30.0,0.0,30.0,30.0,10.0,0.0,8.0,8.0,8.0,5.0,17.0,18.0,18.0,15.0,17.0,15.0,-0.06,3.0,0
817,20.0,20.0,20.0,20.0,10.0,10.0,8.0,6.0,7.0,5.0,17.0,18.0,18.0,15.0,17.0,15.0,0.37,3.0,0
818,20.0,25.0,15.0,15.0,53.0,20.0,4.0,7.0,6.0,5.0,10.0,20.0,20.0,20.0,15.0,15.0,0.23,8.0,0
819,20.0,15.0,20.0,20.0,5.0,10.0,5.0,7.0,5.0,1.0,10.0,20.0,20.0,20.0,15.0,15.0,-0.01,5.0,0
820,21.0,17.0,22.0,20.0,8.0,13.0,5.0,6.0,5.0,4.0,10.0,20.0,20.0,20.0,15.0,15.0,0.68,8.0,0
822,25.0,10.0,20.0,20.0,15.0,10.0,5.0,7.0,5.0,4.0,10.0,20.0,20.0,20.0,15.0,15.0,0.02,10.0,0
823,60.0,15.0,0.0,15.0,0.0,10.0,6.0,8.0,6.0,6.0,10.0,20.0,20.0,20.0,15.0,15.0,-0.34,8.0,1
824,21.0,20.0,19.0,20.0,10.0,10.0,5.0,8.0,7.0,7.0,10.0,20.0,20.0,20.0,15.0,15.0,0.44,8.0,0
825,30.0,10.0,20.0,30.0,0.0,10.0,6.0,6.0,6.0,5.0,10.0,20.0,20.0,20.0,15.0,15.0,-0.58,8.0,0
826,30.0,0.0,30.0,30.0,10.0,0.0,7.0,6.0,8.0,5.0,10.0,20.0,20.0,20.0,15.0,15.0,0.34,9.0,0
827,20.0,20.0,20.0,20.0,10.0,10.0,6.0,7.0,6.0,5.0,10.0,20.0,20.0,20.0,15.0,15.0,0.23,8.0,0
850,21.0,17.0,22.0,20.0,8.0,13.0,3.0,5.0,4.0,4.0,5.0,20.0,25.0,15.0,15.0,20.0,0.28,2.0,0
852,25.0,10.0,20.0,20.0,15.0,10.0,6.0,6.0,8.0,5.0,5.0,20.0,25.0,15.0,15.0,20.0,0.45,6.0,0
853,60.0,15.0,0.0,15.0,0.0,10.0,4.0,6.0,6.0,1.0,5.0,20.0,25.0,15.0,15.0,20.0,-0.34,3.0,0
854,21.0,20.0,19.0,20.0,10.0,10.0,5.0,7.0,6.0,5.0,5.0,20.0,25.0,15.0,15.0,20.0,0.61,3.0,0
856,30.0,0.0,30.0,30.0,10.0,0.0,6.0,8.0,7.0,5.0,5.0,20.0,25.0,15.0,15.0,20.0,0.41,8.0,0
859,20.0,15.0,20.0,20.0,5.0,10.0,0.0,5.0,4.0,2.0,15.0,15.0,20.0,15.0,15.0,20.0,-0.04,5.0,0
860,21.0,17.0,22.0,20.0,8.0,13.0,4.0,6.0,5.0,2.0,15.0,15.0,20.0,15.0,15.0,20.0,0.8,5.0,0
861,50.0,10.0,30.0,10.0,0.0,0.0,2.0,8.0,4.0,3.0,15.0,15.0,20.0,15.0,15.0,20.0,-0.18,8.0,0
862,25.0,10.0,20.0,20.0,15.0,10.0,5.0,9.0,7.0,5.0,15.0,15.0,20.0,15.0,15.0,20.0,0.14,5.0,0
863,60.0,15.0,0.0,15.0,0.0,10.0,6.0,8.0,7.0,2.0,15.0,15.0,20.0,15.0,15.0,20.0,-0.47,6.0,1
864,21.0,20.0,19.0,20.0,10.0,10.0,5.0,7.0,5.0,5.0,15.0,15.0,20.0,15.0,15.0,20.0,0.41,6.0,0
865,30.0,10.0,20.0,30.0,0.0,10.0,3.0,7.0,3.0,5.0,15.0,15.0,20.0,15.0,15.0,20.0,-0.56,4.0,0
866,30.0,0.0,30.0,30.0,10.0,0.0,5.0,10.0,7.0,7.0,15.0,15.0,20.0,15.0,15.0,20.0,0.53,7.0,0
867,20.0,20.0,20.0,20.0,10.0,10.0,6.0,8.0,6.0,7.0,15.0,15.0,20.0,15.0,15.0,20.0,0.28,7.0,1
868,20.0,25.0,15.0,15.0,53.0,20.0,9.0,8.0,8.0,5.0,30.0,10.0,20.0,20.0,10.0,10.0,0.27,6.0,0
869,20.0,15.0,20.0,20.0,5.0,10.0,10.0,10.0,10.0,10.0,30.0,10.0,20.0,20.0,10.0,10.0,0.26,8.0,1
870,21.0,17.0,22.0,20.0,8.0,13.0,8.0,6.0,5.0,4.0,30.0,10.0,20.0,20.0,10.0,10.0,0.17,6.0,0
872,25.0,10.0,20.0,20.0,15.0,10.0,8.0,7.0,5.0,7.0,30.0,10.0,20.0,20.0,10.0,10.0,0.37,7.0,0
875,30.0,10.0,20.0,30.0,0.0,10.0,7.0,7.0,6.0,5.0,30.0,10.0,20.0,20.0,10.0,10.0,0.14,7.0,0
876,30.0,0.0,30.0,30.0,10.0,0.0,10.0,9.0,9.0,8.0,30.0,10.0,20.0,20.0,10.0,10.0,0.21,7.0,1
877,20.0,20.0,20.0,20.0,10.0,10.0,6.0,6.0,4.0,5.0,30.0,10.0,20.0,20.0,10.0,10.0,0.26,6.0,0
888,20.0,25.0,15.0,15.0,53.0,20.0,4.0,6.0,5.0,4.0,10.0,25.0,25.0,10.0,10.0,20.0,-0.07,7.0,0
889,20.0,15.0,20.0,20.0,5.0,10.0,6.0,8.0,6.0,6.0,10.0,25.0,25.0,10.0,10.0,20.0,0.39,6.0,0
890,21.0,17.0,22.0,20.0,8.0,13.0,3.0,6.0,3.0,2.0,10.0,25.0,25.0,10.0,10.0,20.0,0.03,4.0,0
891,50.0,10.0,30.0,10.0,0.0,0.0,4.0,8.0,4.0,1.0,10.0,25.0,25.0,10.0,10.0,20.0,-0.18,7.0,0
892,25.0,10.0,20.0,20.0,15.0,10.0,6.0,9.0,6.0,5.0,10.0,25.0,25.0,10.0,10.0,20.0,0.34,5.0,0
893,60.0,15.0,0.0,15.0,0.0,10.0,7.0,9.0,8.0,5.0,10.0,25.0,25.0,10.0,10.0,20.0,-0.05,6.0,0
894,21.0,20.0,19.0,20.0,10.0,10.0,6.0,8.0,4.0,6.0,10.0,25.0,25.0,10.0,10.0,20.0,0.07,6.0,0
896,30.0,0.0,30.0,30.0,10.0,0.0,8.0,7.0,9.0,8.0,10.0,25.0,25.0,10.0,10.0,20.0,0.15,5.0,0
897,20.0,20.0,20.0,20.0,10.0,10.0,6.0,7.0,5.0,5.0,10.0,25.0,25.0,10.0,10.0,20.0,-0.17,6.0,1
898,20.0,25.0,15.0,15.0,53.0,20.0,8.0,8.0,8.0,8.0,17.0,17.0,17.0,17.0,17.0,15.0,0.48,6.0,0
899,20.0,15.0,20.0,20.0,5.0,10.0,7.0,7.0,8.0,7.0,17.0,17.0,17.0,17.0,17.0,15.0,-0.43,6.0,0
900,21.0,17.0,22.0,20.0,8.0,13.0,6.0,6.0,7.0,3.0,17.0,17.0,17.0,17.0,17.0,15.0,0.65,6.0,0
901,50.0,10.0,30.0,10.0,0.0,0.0,5.0,5.0,8.0,2.0,17.0,17.0,17.0,17.0,17.0,15.0,-0.2,6.0,0
902,25.0,10.0,20.0,20.0,15.0,10.0,7.0,7.0,7.0,8.0,17.0,17.0,17.0,17.0,17.0,15.0,0.02,6.0,0
903,60.0,15.0,0.0,15.0,0.0,10.0,8.0,9.0,9.0,6.0,17.0,17.0,17.0,17.0,17.0,15.0,-0.37,5.0,0
904,21.0,20.0,19.0,20.0,10.0,10.0,5.0,7.0,7.0,7.0,17.0,17.0,17.0,17.0,17.0,15.0,0.45,6.0,0
905,30.0,10.0,20.0,30.0,0.0,10.0,6.0,7.0,7.0,5.0,17.0,17.0,17.0,17.0,17.0,15.0,-0.63,6.0,0
906,30.0,0.0,30.0,30.0,10.0,0.0,7.0,8.0,9.0,6.0,17.0,17.0,17.0,17.0,17.0,15.0,0.35,6.0,0
907,20.0,20.0,20.0,20.0,10.0,10.0,6.0,6.0,8.0,5.0,17.0,17.0,17.0,17.0,17.0,15.0,0.5,5.0,0
908,17.0,18.0,18.0,15.0,17.0,15.0,2.0,2.0,3.0,3.0,20.0,25.0,15.0,15.0,53.0,20.0,0.26,6.0,0
909,10.0,20.0,20.0,20.0,15.0,15.0,8.0,7.0,7.0,7.0,20.0,25.0,15.0,15.0,53.0,20.0,0.23,5.0,0
914,30.0,10.0,20.0,20.0,10.0,10.0,6.0,7.0,7.0,6.0,20.0,25.0,15.0,15.0,53.0,20.0,0.27,8.0,0
915,5.0,15.0,45.0,25.0,0.0,10.0,2.0,7.0,5.0,2.0,20.0,25.0,15.0,15.0,53.0,20.0,0.17,5.0,0
916,10.0,25.0,25.0,10.0,10.0,20.0,7.0,8.0,6.0,5.0,20.0,25.0,15.0,15.0,53.0,20.0,-0.07,4.0,0
917,17.0,17.0,17.0,17.0,17.0,15.0,6.0,8.0,7.0,6.0,20.0,25.0,15.0,15.0,53.0,20.0,0.48,8.0,0
918,17.0,18.0,18.0,15.0,17.0,15.0,3.0,9.0,7.0,7.0,20.0,15.0,20.0,20.0,5.0,10.0,-0.15,7.0,0
919,10.0,20.0,20.0,20.0,15.0,15.0,8.0,8.0,7.0,1.0,20.0,15.0,20.0,20.0,5.0,10.0,-0.01,5.0,0
923,15.0,15.0,20.0,15.0,15.0,20.0,6.0,7.0,8.0,3.0,20.0,15.0,20.0,20.0,5.0,10.0,-0.04,1.0,0
924,30.0,10.0,20.0,20.0,10.0,10.0,8.0,9.0,9.0,8.0,20.0,15.0,20.0,20.0,5.0,10.0,0.26,10.0,1
925,5.0,15.0,45.0,25.0,0.0,10.0,7.0,7.0,5.0,5.0,20.0,15.0,20.0,20.0,5.0,10.0,0.03,5.0,1
926,10.0,25.0,25.0,10.0,10.0,20.0,7.0,7.0,6.0,5.0,20.0,15.0,20.0,20.0,5.0,10.0,0.39,6.0,0
927,17.0,17.0,17.0,17.0,17.0,15.0,6.0,7.0,7.0,6.0,20.0,15.0,20.0,20.0,5.0,10.0,-0.43,6.0,0
943,15.0,15.0,20.0,15.0,15.0,20.0,8.0,8.0,8.0,5.0,50.0,10.0,30.0,10.0,0.0,0.0,-0.18,4.0,0
946,10.0,25.0,25.0,10.0,10.0,20.0,7.0,8.0,6.0,4.0,50.0,10.0,30.0,10.0,0.0,0.0,-0.18,4.0,0
947,17.0,17.0,17.0,17.0,17.0,15.0,7.0,7.0,7.0,6.0,50.0,10.0,30.0,10.0,0.0,0.0,-0.2,5.0,0
948,17.0,18.0,18.0,15.0,17.0,15.0,4.0,9.0,9.0,7.0,25.0,10.0,20.0,20.0,15.0,10.0,0.07,8.0,1
949,10.0,20.0,20.0,20.0,15.0,15.0,8.0,10.0,10.0,10.0,25.0,10.0,20.0,20.0,15.0,10.0,0.02,7.0,0
952,5.0,20.0,25.0,15.0,15.0,20.0,6.0,10.0,8.0,8.0,25.0,10.0,20.0,20.0,15.0,10.0,0.45,7.0,0
953,15.0,15.0,20.0,15.0,15.0,20.0,6.0,6.0,8.0,4.0,25.0,10.0,20.0,20.0,15.0,10.0,0.14,6.0,0
954,30.0,10.0,20.0,20.0,10.0,10.0,7.0,8.0,7.0,7.0,25.0,10.0,20.0,20.0,15.0,10.0,0.37,7.0,0
955,5.0,15.0,45.0,25.0,0.0,10.0,6.0,9.0,8.0,5.0,25.0,10.0,20.0,20.0,15.0,10.0,0.63,7.0,0
956,10.0,25.0,25.0,10.0,10.0,20.0,5.0,8.0,6.0,4.0,25.0,10.0,20.0,20.0,15.0,10.0,0.34,6.0,0
957,17.0,17.0,17.0,17.0,17.0,15.0,7.0,8.0,7.0,6.0,25.0,10.0,20.0,20.0,15.0,10.0,0.02,7.0,0
958,17.0,18.0,18.0,15.0,17.0,15.0,3.0,8.0,6.0,7.0,60.0,15.0,0.0,15.0,0.0,10.0,-0.37,8.0,0
959,10.0,20.0,20.0,20.0,15.0,15.0,10.0,9.0,8.0,7.0,60.0,15.0,0.0,15.0,0.0,10.0,-0.34,9.0,1
962,5.0,20.0,25.0,15.0,15.0,20.0,2.0,10.0,1.0,2.0,60.0,15.0,0.0,15.0,0.0,10.0,-0.34,2.0,0
963,15.0,15.0,20.0,15.0,15.0,20.0,6.0,8.0,8.0,5.0,60.0,15.0,0.0,15.0,0.0,10.0,-0.47,8.0,1
966,10.0,25.0,25.0,10.0,10.0,20.0,5.0,6.0,4.0,5.0,60.0,15.0,0.0,15.0,0.0,10.0,-0.05,6.0,0
967,17.0,17.0,17.0,17.0,17.0,15.0,5.0,7.0,5.0,5.0,60.0,15.0,0.0,15.0,0.0,10.0,-0.37,7.0,0
968,17.0,18.0,18.0,15.0,17.0,15.0,3.0,5.0,3.0,4.0,21.0,20.0,19.0,20.0,10.0,10.0,0.65,6.0,0
969,10.0,20.0,20.0,20.0,15.0,15.0,10.0,10.0,10.0,9.0,21.0,20.0,19.0,20.0,10.0,10.0,0.44,6.0,0
972,5.0,20.0,25.0,15.0,15.0,20.0,10.0,8.0,1.0,3.0,21.0,20.0,19.0,20.0,10.0,10.0,0.61,5.0,0
973,15.0,15.0,20.0,15.0,15.0,20.0,7.0,8.0,8.0,5.0,21.0,20.0,19.0,20.0,10.0,10.0,0.41,6.0,0
974,30.0,10.0,20.0,20.0,10.0,10.0,7.0,6.0,6.0,7.0,21.0,20.0,19.0,20.0,10.0,10.0,0.33,7.0,0
975,5.0,15.0,45.0,25.0,0.0,10.0,3.0,5.0,3.0,1.0,21.0,20.0,19.0,20.0,10.0,10.0,0.21,6.0,0
976,10.0,25.0,25.0,10.0,10.0,20.0,6.0,7.0,6.0,6.0,21.0,20.0,19.0,20.0,10.0,10.0,0.07,5.0,0
977,17.0,17.0,17.0,17.0,17.0,15.0,7.0,7.0,7.0,7.0,21.0,20.0,19.0,20.0,10.0,10.0,0.45,7.0,0
978,17.0,18.0,18.0,15.0,17.0,15.0,4.0,9.0,8.0,7.0,30.0,10.0,20.0,30.0,0.0,10.0,-0.31,5.0,0
979,10.0,20.0,20.0,20.0,15.0,15.0,10.0,10.0,10.0,9.0,30.0,10.0,20.0,30.0,0.0,10.0,-0.58,5.0,0
984,30.0,10.0,20.0,20.0,10.0,10.0,7.0,8.0,7.0,7.0,30.0,10.0,20.0,30.0,0.0,10.0,0.14,7.0,0
985,5.0,15.0,45.0,25.0,0.0,10.0,4.0,5.0,5.0,5.0,30.0,10.0,20.0,30.0,0.0,10.0,-0.23,2.0,0
986,10.0,25.0,25.0,10.0,10.0,20.0,6.0,7.0,6.0,4.0,30.0,10.0,20.0,30.0,0.0,10.0,-0.01,3.0,0
987,17.0,17.0,17.0,17.0,17.0,15.0,7.0,7.0,8.0,5.0,30.0,10.0,20.0,30.0,0.0,10.0,-0.63,6.0,0
998,17.0,18.0,18.0,15.0,17.0,15.0,3.0,9.0,2.0,3.0,20.0,20.0,20.0,20.0,10.0,10.0,0.37,6.0,0
999,10.0,20.0,20.0,20.0,15.0,15.0,8.0,10.0,10.0,7.0,20.0,20.0,20.0,20.0,10.0,10.0,0.23,6.0,0
1003,15.0,15.0,20.0,15.0,15.0,20.0,6.0,8.0,8.0,5.0,20.0,20.0,20.0,20.0,10.0,10.0,0.28,6.0,1
1004,30.0,10.0,20.0,20.0,10.0,10.0,7.0,8.0,6.0,6.0,20.0,20.0,20.0,20.0,10.0,10.0,0.26,6.0,0
1005,5.0,15.0,45.0,25.0,0.0,10.0,3.0,4.0,2.0,2.0,20.0,20.0,20.0,20.0,10.0,10.0,0.16,5.0,0
1006,10.0,25.0,25.0,10.0,10.0,20.0,8.0,8.0,5.0,5.0,20.0,20.0,20.0,20.0,10.0,10.0,-0.17,6.0,1
1007,17.0,17.0,17.0,17.0,17.0,15.0,5.0,7.0,6.0,5.0,20.0,20.0,20.0,20.0,10.0,10.0,0.5,6.0,0
1022,10.0,20.0,35.0,20.0,0.0,15.0,7.0,8.0,7.0,8.0,10.0,10.0,30.0,20.0,10.0,20.0,0.32,5.0,0
1044,20.0,20.0,20.0,10.0,10.0,20.0,7.0,6.0,6.0,3.0,10.0,25.0,20.0,10.0,20.0,15.0,0.69,5.0,0
1045,18.0,18.0,18.0,19.0,13.0,14.0,5.0,7.0,4.0,6.0,10.0,25.0,20.0,10.0,20.0,15.0,-0.16,5.0,0
1054,20.0,15.0,25.0,15.0,20.0,5.0,6.0,6.0,6.0,4.0,10.0,25.0,20.0,10.0,20.0,15.0,0.59,7.0,0
1055,30.0,15.0,20.0,20.0,0.0,5.0,5.0,8.0,6.0,6.0,10.0,25.0,20.0,10.0,20.0,15.0,-0.2,7.0,0
1057,19.0,24.0,21.0,23.0,5.0,8.0,6.5,6.5,5.0,5.0,10.0,25.0,20.0,10.0,20.0,15.0,0.65,10.0,1
1058,10.0,20.0,35.0,20.0,0.0,15.0,7.0,5.0,5.0,3.0,10.0,25.0,20.0,10.0,20.0,15.0,0.51,5.0,0
1059,15.0,10.0,30.0,10.0,5.0,30.0,7.0,8.0,8.0,3.0,10.0,25.0,20.0,10.0,20.0,15.0,0.59,9.0,1
1062,20.0,20.0,20.0,10.0,10.0,20.0,7.0,8.0,8.0,9.0,10.0,20.0,15.0,20.0,20.0,15.0,0.27,5.0,0
1063,18.0,18.0,18.0,19.0,13.0,14.0,4.0,7.0,6.0,5.0,10.0,20.0,15.0,20.0,20.0,15.0,-0.04,5.0,0
1064,10.0,20.0,20.0,22.0,6.0,22.0,8.0,9.0,9.0,8.0,10.0,20.0,15.0,20.0,20.0,15.0,0.49,7.0,0
1065,50.0,7.0,20.0,23.0,0.0,0.0,5.0,8.0,6.0,7.0,10.0,20.0,15.0,20.0,20.0,15.0,-0.27,7.0,0
1067,30.0,30.0,20.0,10.0,10.0,0.0,6.0,8.0,8.0,9.0,10.0,20.0,15.0,20.0,20.0,15.0,0.9,7.0,0
1068,20.0,25.0,25.0,15.0,5.0,10.0,4.0,8.0,8.0,4.0,10.0,20.0,15.0,20.0,20.0,15.0,0.56,5.0,0
1070,30.0,10.0,30.0,20.0,10.0,0.0,4.0,4.0,4.0,3.0,10.0,20.0,15.0,20.0,20.0,15.0,-0.15,2.0,0
1071,40.0,5.0,20.0,10.0,10.0,15.0,5.0,8.0,6.0,6.0,10.0,20.0,15.0,20.0,20.0,15.0,-0.18,5.0,0
1073,30.0,15.0,20.0,20.0,0.0,5.0,5.0,8.0,9.0,6.0,10.0,20.0,15.0,20.0,20.0,15.0,0.03,6.0,0
1074,10.0,20.0,35.0,10.0,5.0,20.0,8.0,10.0,6.0,8.0,10.0,20.0,15.0,20.0,20.0,15.0,0.24,5.0,0
1075,19.0,24.0,21.0,23.0,5.0,8.0,6.0,9.0,7.0,5.0,10.0,20.0,15.0,20.0,20.0,15.0,0.52,6.0,1
1076,10.0,20.0,35.0,20.0,0.0,15.0,7.0,7.0,7.0,7.0,10.0,20.0,15.0,20.0,20.0,15.0,0.6,7.0,1
1077,15.0,10.0,30.0,10.0,5.0,30.0,7.0,7.0,7.0,5.0,10.0,20.0,15.0,20.0,20.0,15.0,0.8,5.0,0
1079,20.0,20.0,20.0,20.0,10.0,10.0,3.0,5.0,5.0,7.0,10.0,20.0,15.0,20.0,20.0,15.0,0.4,7.0,0
1081,18.0,18.0,18.0,19.0,13.0,14.0,5.0,7.0,5.0,4.0,10.0,20.0,20.0,10.0,20.0,20.0,0.31,8.0,0
1085,30.0,30.0,20.0,10.0,10.0,0.0,5.0,6.0,7.0,5.0,10.0,20.0,20.0,10.0,20.0,20.0,0.14,7.0,0
1086,20.0,25.0,25.0,15.0,5.0,10.0,6.0,8.0,7.0,4.0,10.0,20.0,20.0,10.0,20.0,20.0,0.54,7.0,0
1088,30.0,10.0,30.0,20.0,10.0,0.0,10.0,8.0,7.0,10.0,10.0,20.0,20.0,10.0,20.0,20.0,0.06,9.0,1
1089,40.0,5.0,20.0,10.0,10.0,15.0,7.0,8.0,6.0,6.0,10.0,20.0,20.0,10.0,20.0,20.0,0.38,7.0,0
1090,20.0,15.0,25.0,15.0,20.0,5.0,6.0,8.0,6.0,4.0,10.0,20.0,20.0,10.0,20.0,20.0,-0.12,7.0,0
1091,30.0,15.0,20.0,20.0,0.0,5.0,6.0,9.0,6.0,7.0,10.0,20.0,20.0,10.0,20.0,20.0,0.31,9.0,1
1093,19.0,24.0,21.0,23.0,5.0,8.0,6.0,8.0,5.5,2.0,10.0,20.0,20.0,10.0,20.0,20.0,0.07,7.0,0
1094,10.0,20.0,35.0,20.0,0.0,15.0,6.0,8.0,7.0,2.0,10.0,20.0,20.0,10.0,20.0,20.0,0.31,8.0,0
1095,15.0,10.0,30.0,10.0,5.0,30.0,7.0,7.0,7.0,5.0,10.0,20.0,20.0,10.0,20.0,20.0,0.34,8.0,1
1097,20.0,20.0,20.0,20.0,10.0,10.0,5.0,6.0,3.0,5.0,10.0,20.0,20.0,10.0,20.0,20.0,0.07,8.0,0
1098,20.0,20.0,20.0,10.0,10.0,20.0,9.0,8.0,8.0,6.0,10.0,10.0,20.0,20.0,20.0,20.0,0.6,8.0,0
1099,18.0,18.0,18.0,19.0,13.0,14.0,6.0,6.0,8.0,7.0,10.0,10.0,20.0,20.0,20.0,20.0,-0.21,6.0,0
1101,50.0,7.0,20.0,23.0,0.0,0.0,7.0,8.0,7.0,7.0,10.0,10.0,20.0,20.0,20.0,20.0,-0.04,6.0,0
1103,30.0,30.0,20.0,10.0,10.0,0.0,8.0,7.0,5.0,8.0,10.0,10.0,20.0,20.0,20.0,20.0,0.61,9.0,1
1104,20.0,25.0,25.0,15.0,5.0,10.0,9.0,9.0,9.0,8.0,10.0,10.0,20.0,20.0,20.0,20.0,0.65,7.0,0
1106,30.0,10.0,30.0,20.0,10.0,0.0,10.0,7.0,8.0,9.0,10.0,10.0,20.0,20.0,20.0,20.0,0.11,2.0,0
1107,40.0,5.0,20.0,10.0,10.0,15.0,8.0,8.0,8.0,8.0,10.0,10.0,20.0,20.0,20.0,20.0,0.2,7.0,0
1108,20.0,15.0,25.0,15.0,20.0,5.0,8.0,7.0,7.0,6.0,10.0,10.0,20.0,20.0,20.0,20.0,0.53,8.0,1
1109,30.0,15.0,20.0,20.0,0.0,5.0,8.0,9.0,8.0,5.0,10.0,10.0,20.0,20.0,20.0,20.0,-0.02,7.0,0
1110,10.0,20.0,35.0,10.0,5.0,20.0,9.0,6.0,3.0,9.0,10.0,10.0,20.0,20.0,20.0,20.0,0.09,7.0,0
1111,19.0,24.0,21.0,23.0,5.0,8.0,10.0,9.0,9.0,8.0,10.0,10.0,20.0,20.0,20.0,20.0,0.51,8.0,0
1112,10.0,20.0,35.0,20.0,0.0,15.0,8.0,6.0,7.0,6.0,10.0,10.0,20.0,20.0,20.0,20.0,0.55,8.0,1
1113,15.0,10.0,30.0,10.0,5.0,30.0,8.0,8.0,6.0,5.0,10.0,10.0,20.0,20.0,20.0,20.0,0.6,7.0,0
1114,20.0,20.0,15.0,15.0,5.0,25.0,5.0,8.0,5.0,5.0,10.0,10.0,20.0,20.0,20.0,20.0,0.67,6.0,0
1115,20.0,20.0,20.0,20.0,10.0,10.0,4.0,7.0,6.0,3.0,10.0,10.0,20.0,20.0,20.0,20.0,0.46,6.0,0
1116,20.0,20.0,20.0,10.0,10.0,20.0,9.0,8.0,8.0,6.0,20.0,20.0,20.0,20.0,10.0,10.0,0.29,8.0,1
1117,18.0,18.0,18.0,19.0,13.0,14.0,4.0,5.0,6.0,4.0,20.0,20.0,20.0,20.0,10.0,10.0,-0.25,6.0,0
1119,50.0,7.0,20.0,23.0,0.0,0.0,5.0,6.0,5.0,7.0,20.0,20.0,20.0,20.0,10.0,10.0,0.1,7.0,0
1121,30.0,30.0,20.0,10.0,10.0,0.0,4.0,7.0,4.0,2.0,20.0,20.0,20.0,20.0,10.0,10.0,0.66,9.0,1
1122,20.0,25.0,25.0,15.0,5.0,10.0,6.0,9.0,8.0,7.0,20.0,20.0,20.0,20.0,10.0,10.0,0.43,9.0,0
1123,40.0,8.0,10.0,12.0,10.0,20.0,9.0,8.0,9.0,8.0,20.0,20.0,20.0,20.0,10.0,10.0,0.19,9.0,0
1124,30.0,10.0,30.0,20.0,10.0,0.0,6.0,8.0,9.0,5.0,20.0,20.0,20.0,20.0,10.0,10.0,-0.01,7.0,0
1125,40.0,5.0,20.0,10.0,10.0,15.0,6.0,6.0,6.0,3.0,20.0,20.0,20.0,20.0,10.0,10.0,0.06,7.0,0
1126,20.0,15.0,25.0,15.0,20.0,5.0,7.0,7.0,8.0,5.0,20.0,20.0,20.0,20.0,10.0,10.0,0.52,8.0,0
1127,30.0,15.0,20.0,20.0,0.0,5.0,8.0,7.0,6.0,6.0,20.0,20.0,20.0,20.0,10.0,10.0,-0.08,9.0,1
1129,19.0,24.0,21.0,23.0,5.0,8.0,8.0,8.0,8.0,7.5,20.0,20.0,20.0,20.0,10.0,10.0,0.71,10.0,1
1130,10.0,20.0,35.0,20.0,0.0,15.0,6.0,6.0,7.0,4.0,20.0,20.0,20.0,20.0,10.0,10.0,0.56,8.0,0
1131,15.0,10.0,30.0,10.0,5.0,30.0,7.0,8.0,8.0,5.0,20.0,20.0,20.0,20.0,10.0,10.0,0.66,9.0,1
1132,20.0,20.0,15.0,15.0,5.0,25.0,6.0,9.0,8.0,7.0,20.0,20.0,20.0,20.0,10.0,10.0,0.76,8.0,0
1133,20.0,20.0,20.0,20.0,10.0,10.0,5.0,5.0,5.0,3.0,20.0,20.0,20.0,20.0,10.0,10.0,0.61,8.0,0
1134,20.0,20.0,20.0,10.0,10.0,20.0,7.0,7.0,7.0,5.0,10.0,32.0,20.0,12.0,11.0,15.0,0.54,5.0,0
1135,18.0,18.0,18.0,19.0,13.0,14.0,7.0,8.0,6.0,5.0,10.0,32.0,20.0,12.0,11.0,15.0,0.03,6.0,0
1137,50.0,7.0,20.0,23.0,0.0,0.0,7.0,7.0,6.0,4.0,10.0,32.0,20.0,12.0,11.0,15.0,0.04,5.0,0
1139,30.0,30.0,20.0,10.0,10.0,0.0,6.0,8.0,8.0,9.0,10.0,32.0,20.0,12.0,11.0,15.0,0.79,7.0,1
1140,20.0,25.0,25.0,15.0,5.0,10.0,5.0,8.0,8.0,6.0,10.0,32.0,20.0,12.0,11.0,15.0,0.58,4.0,0
1142,30.0,10.0,30.0,20.0,10.0,0.0,10.0,8.0,8.0,6.0,10.0,32.0,20.0,12.0,11.0,15.0,-0.18,6.0,0
1143,40.0,5.0,20.0,10.0,10.0,15.0,8.0,8.0,8.0,8.0,10.0,32.0,20.0,12.0,11.0,15.0,0.0,7.0,0
1144,20.0,15.0,25.0,15.0,20.0,5.0,7.0,6.0,7.0,5.0,10.0,32.0,20.0,12.0,11.0,15.0,0.51,3.0,0
1145,30.0,15.0,20.0,20.0,0.0,5.0,8.0,8.0,7.0,8.0,10.0,32.0,20.0,12.0,11.0,15.0,0.09,4.0,0
1146,10.0,20.0,35.0,10.0,5.0,20.0,10.0,10.0,10.0,10.0,10.0,32.0,20.0,12.0,11.0,15.0,0.17,4.0,0
1147,19.0,24.0,21.0,23.0,5.0,8.0,9.0,9.0,8.0,6.5,10.0,32.0,20.0,12.0,11.0,15.0,0.72,4.0,1
1148,10.0,20.0,35.0,20.0,0.0,15.0,6.0,5.0,7.0,4.0,10.0,32.0,20.0,12.0,11.0,15.0,0.83,5.0,0
1149,15.0,10.0,30.0,10.0,5.0,30.0,7.0,8.0,7.0,5.0,10.0,32.0,20.0,12.0,11.0,15.0,0.81,6.0,0
1151,20.0,20.0,20.0,20.0,10.0,10.0,3.0,6.0,7.0,8.0,10.0,32.0,20.0,12.0,11.0,15.0,0.4,4.0,0
1152,20.0,20.0,20.0,10.0,10.0,20.0,6.0,6.0,6.0,5.0,30.0,30.0,30.0,5.0,0.0,5.0,0.65,0.0,0
1153,18.0,18.0,18.0,19.0,13.0,14.0,5.0,6.0,6.0,4.0,30.0,30.0,30.0,5.0,0.0,5.0,-0.03,6.0,0
1154,10.0,20.0,20.0,22.0,6.0,22.0,7.0,8.0,8.0,8.0,30.0,30.0,30.0,5.0,0.0,5.0,0.44,6.0,0
1155,50.0,7.0,20.0,23.0,0.0,0.0,7.0,7.0,7.0,6.0,30.0,30.0,30.0,5.0,0.0,5.0,0.14,4.0,0
1157,30.0,30.0,20.0,10.0,10.0,0.0,4.0,7.0,7.0,7.0,30.0,30.0,30.0,5.0,0.0,5.0,0.67,7.0,0
1158,20.0,25.0,25.0,15.0,5.0,10.0,5.0,9.0,8.0,5.0,30.0,30.0,30.0,5.0,0.0,5.0,0.62,3.0,0
1160,30.0,10.0,30.0,20.0,10.0,0.0,9.0,7.0,5.0,4.0,30.0,30.0,30.0,5.0,0.0,5.0,0.1,4.0,0
1161,40.0,5.0,20.0,10.0,10.0,15.0,7.0,9.0,8.0,7.0,30.0,30.0,30.0,5.0,0.0,5.0,0.1,4.0,0
1162,20.0,15.0,25.0,15.0,20.0,5.0,6.0,6.0,6.0,5.0,30.0,30.0,30.0,5.0,0.0,5.0,0.68,4.0,0
1163,30.0,15.0,20.0,20.0,0.0,5.0,7.0,9.0,8.0,9.0,30.0,30.0,30.0,5.0,0.0,5.0,0.17,7.0,1
1164,10.0,20.0,35.0,10.0,5.0,20.0,10.0,10.0,8.0,8.0,30.0,30.0,30.0,5.0,0.0,5.0,-0.06,5.0,0
1165,19.0,24.0,21.0,23.0,5.0,8.0,7.0,8.5,6.5,4.0,30.0,30.0,30.0,5.0,0.0,5.0,0.71,7.0,0
1166,10.0,20.0,35.0,20.0,0.0,15.0,7.0,9.0,8.0,5.0,30.0,30.0,30.0,5.0,0.0,5.0,0.76,7.0,1
1167,15.0,10.0,30.0,10.0,5.0,30.0,7.0,8.0,8.0,7.0,30.0,30.0,30.0,5.0,0.0,5.0,0.65,6.0,0
1169,20.0,20.0,20.0,20.0,10.0,10.0,2.0,6.0,5.0,3.0,30.0,30.0,30.0,5.0,0.0,5.0,0.43,4.0,0
1170,20.0,20.0,20.0,10.0,10.0,20.0,7.0,7.0,7.0,5.0,20.0,25.0,15.0,15.0,15.0,10.0,0.3,1.0,0
1171,18.0,18.0,18.0,19.0,13.0,14.0,5.0,6.0,6.0,6.0,20.0,25.0,15.0,15.0,15.0,10.0,-0.37,4.0,0
1173,50.0,7.0,20.0,23.0,0.0,0.0,6.0,6.0,5.0,4.0,20.0,25.0,15.0,15.0,15.0,10.0,0.01,7.0,0
1175,30.0,30.0,20.0,10.0,10.0,0.0,5.0,9.0,5.0,9.0,20.0,25.0,15.0,15.0,15.0,10.0,0.5,7.0,0
1176,20.0,25.0,25.0,15.0,5.0,10.0,7.0,9.0,9.0,9.0,20.0,25.0,15.0,15.0,15.0,10.0,0.32,7.0,0
1178,30.0,10.0,30.0,20.0,10.0,0.0,5.0,7.0,2.0,3.0,20.0,25.0,15.0,15.0,15.0,10.0,-0.08,5.0,0
1179,40.0,5.0,20.0,10.0,10.0,15.0,6.0,8.0,8.0,7.0,20.0,25.0,15.0,15.0,15.0,10.0,0.12,6.0,0
1180,20.0,15.0,25.0,15.0,20.0,5.0,6.0,6.0,6.0,5.0,20.0,25.0,15.0,15.0,15.0,10.0,0.56,7.0,0
1181,30.0,15.0,20.0,20.0,0.0,5.0,7.0,8.0,7.0,7.0,20.0,25.0,15.0,15.0,15.0,10.0,-0.14,6.0,0
1183,19.0,24.0,21.0,23.0,5.0,8.0,8.0,7.0,8.0,8.0,20.0,25.0,15.0,15.0,15.0,10.0,0.56,6.0,1
1184,10.0,20.0,35.0,20.0,0.0,15.0,7.0,6.0,5.0,3.0,20.0,25.0,15.0,15.0,15.0,10.0,0.33,5.0,0
1185,15.0,10.0,30.0,10.0,5.0,30.0,7.0,8.0,8.0,4.0,20.0,25.0,15.0,15.0,15.0,10.0,0.59,6.0,0
1187,20.0,20.0,20.0,20.0,10.0,10.0,3.0,7.0,6.0,6.0,20.0,25.0,15.0,15.0,15.0,10.0,0.26,3.0,0
1189,18.0,18.0,18.0,19.0,13.0,14.0,8.0,8.0,9.0,9.0,15.0,20.0,20.0,20.0,5.0,20.0,0.3,6.0,0
1191,50.0,7.0,20.0,23.0,0.0,0.0,8.0,8.0,8.0,7.0,15.0,20.0,20.0,20.0,5.0,20.0,-0.07,7.0,1
1193,30.0,30.0,20.0,10.0,10.0,0.0,5.0,7.0,4.0,5.0,15.0,20.0,20.0,20.0,5.0,20.0,0.8,6.0,0
1194,20.0,25.0,25.0,15.0,5.0,10.0,8.0,9.0,9.0,8.0,15.0,20.0,20.0,20.0,5.0,20.0,0.32,6.0,1
1196,30.0,10.0,30.0,20.0,10.0,0.0,6.0,8.0,8.0,5.0,15.0,20.0,20.0,20.0,5.0,20.0,-0.28,6.0,0
1197,40.0,5.0,20.0,10.0,10.0,15.0,6.0,7.0,7.0,6.0,15.0,20.0,20.0,20.0,5.0,20.0,0.13,5.0,0
1198,20.0,15.0,25.0,15.0,20.0,5.0,7.0,7.0,8.0,6.0,15.0,20.0,20.0,20.0,5.0,20.0,0.14,8.0,1
1199,30.0,15.0,20.0,20.0,0.0,5.0,8.0,8.0,8.0,6.0,15.0,20.0,20.0,20.0,5.0,20.0,-0.06,7.0,1
1200,10.0,20.0,35.0,10.0,5.0,20.0,8.0,7.0,8.0,1.0,15.0,20.0,20.0,20.0,5.0,20.0,0.21,7.0,0
1201,19.0,24.0,21.0,23.0,5.0,8.0,8.0,8.0,7.0,8.0,15.0,20.0,20.0,20.0,5.0,20.0,0.52,5.0,1
1202,10.0,20.0,35.0,20.0,0.0,15.0,8.0,8.0,7.0,5.0,15.0,20.0,20.0,20.0,5.0,20.0,0.44,9.0,1
1203,15.0,10.0,30.0,10.0,5.0,30.0,7.0,8.0,8.0,8.0,15.0,20.0,20.0,20.0,5.0,20.0,0.73,7.0,1
1204,20.0,20.0,15.0,15.0,5.0,25.0,7.0,9.0,8.0,8.0,15.0,20.0,20.0,20.0,5.0,20.0,0.5,8.0,1
1224,20.0,20.0,20.0,10.0,10.0,20.0,7.0,6.0,6.0,5.0,15.0,15.0,20.0,15.0,20.0,15.0,0.73,2.0,0
1225,18.0,18.0,18.0,19.0,13.0,14.0,6.0,7.0,7.0,6.0,15.0,15.0,20.0,15.0,20.0,15.0,0.3,4.0,0
1227,50.0,7.0,20.0,23.0,0.0,0.0,6.0,6.0,5.0,6.0,15.0,15.0,20.0,15.0,20.0,15.0,0.53,6.0,0
1229,30.0,30.0,20.0,10.0,10.0,0.0,6.0,5.0,4.0,8.0,15.0,15.0,20.0,15.0,20.0,15.0,0.08,10.0,0
1230,20.0,25.0,25.0,15.0,5.0,10.0,7.0,9.0,9.0,8.0,15.0,15.0,20.0,15.0,20.0,15.0,0.54,7.0,0
1232,30.0,10.0,30.0,20.0,10.0,0.0,5.0,6.0,6.0,5.0,15.0,15.0,20.0,15.0,20.0,15.0,0.26,2.0,0
1233,40.0,5.0,20.0,10.0,10.0,15.0,7.0,7.0,6.0,6.0,15.0,15.0,20.0,15.0,20.0,15.0,0.34,4.0,0
1234,20.0,15.0,25.0,15.0,20.0,5.0,6.0,6.0,6.0,5.0,15.0,15.0,20.0,15.0,20.0,15.0,0.08,6.0,0
1235,30.0,15.0,20.0,20.0,0.0,5.0,7.0,8.0,8.0,7.0,15.0,15.0,20.0,15.0,20.0,15.0,0.15,8.0,0
1236,10.0,20.0,35.0,10.0,5.0,20.0,8.0,8.0,8.0,5.0,15.0,15.0,20.0,15.0,20.0,15.0,0.18,7.0,0
1237,19.0,24.0,21.0,23.0,5.0,8.0,9.0,9.0,9.0,9.0,15.0,15.0,20.0,15.0,20.0,15.0,0.18,7.0,0
1238,10.0,20.0,35.0,20.0,0.0,15.0,8.0,7.0,8.0,4.0,15.0,15.0,20.0,15.0,20.0,15.0,0.31,7.0,0
1239,15.0,10.0,30.0,10.0,5.0,30.0,7.0,7.0,6.0,7.0,15.0,15.0,20.0,15.0,20.0,15.0,0.3,9.0,0
1240,20.0,20.0,15.0,15.0,5.0,25.0,6.0,8.0,7.0,6.0,15.0,15.0,20.0,15.0,20.0,15.0,0.52,7.0,0
1241,20.0,20.0,20.0,20.0,10.0,10.0,6.0,7.0,5.0,4.0,15.0,15.0,20.0,15.0,20.0,15.0,0.14,9.0,0
1242,20.0,20.0,20.0,10.0,10.0,20.0,5.0,5.0,5.0,5.0,25.0,15.0,20.0,20.0,20.0,0.0,0.18,6.0,0
1243,18.0,18.0,18.0,19.0,13.0,14.0,3.0,6.0,4.0,3.0,25.0,15.0,20.0,20.0,20.0,0.0,-0.31,6.0,0
1245,50.0,7.0,20.0,23.0,0.0,0.0,8.0,7.0,7.0,5.0,25.0,15.0,20.0,20.0,20.0,0.0,-0.29,2.0,0
1247,30.0,30.0,20.0,10.0,10.0,0.0,9.0,8.0,7.0,6.0,25.0,15.0,20.0,20.0,20.0,0.0,0.64,9.0,1
1248,20.0,25.0,25.0,15.0,5.0,10.0,9.0,8.0,9.0,7.0,25.0,15.0,20.0,20.0,20.0,0.0,0.13,10.0,0
1249,40.0,8.0,10.0,12.0,10.0,20.0,8.0,9.0,6.0,2.0,25.0,15.0,20.0,20.0,20.0,0.0,0.31,5.0,0
1250,30.0,10.0,30.0,20.0,10.0,0.0,3.0,7.0,1.0,2.0,25.0,15.0,20.0,20.0,20.0,0.0,-0.35,5.0,0
1251,40.0,5.0,20.0,10.0,10.0,15.0,8.0,8.0,7.0,5.0,25.0,15.0,20.0,20.0,20.0,0.0,-0.19,8.0,0
1252,20.0,15.0,25.0,15.0,20.0,5.0,7.0,7.0,6.0,6.0,25.0,15.0,20.0,20.0,20.0,0.0,0.56,9.0,1
1253,30.0,15.0,20.0,20.0,0.0,5.0,7.0,9.0,6.0,5.0,25.0,15.0,20.0,20.0,20.0,0.0,-0.22,5.0,0
1255,19.0,24.0,21.0,23.0,5.0,8.0,8.0,9.0,6.0,4.0,25.0,15.0,20.0,20.0,20.0,0.0,0.58,8.0,0
1256,10.0,20.0,35.0,20.0,0.0,15.0,6.0,7.0,6.0,4.0,25.0,15.0,20.0,20.0,20.0,0.0,0.39,8.0,0
1257,15.0,10.0,30.0,10.0,5.0,30.0,8.0,8.0,6.0,3.0,25.0,15.0,20.0,20.0,20.0,0.0,0.58,8.0,0
1258,20.0,20.0,15.0,15.0,5.0,25.0,5.0,8.0,5.0,6.0,25.0,15.0,20.0,20.0,20.0,0.0,0.36,8.0,0
1259,20.0,20.0,20.0,20.0,10.0,10.0,7.0,6.0,6.0,7.0,25.0,15.0,20.0,20.0,20.0,0.0,0.08,8.0,0
1260,20.0,20.0,20.0,10.0,10.0,20.0,5.0,9.0,3.0,3.0,15.0,21.0,18.0,18.0,10.0,18.0,0.37,2.0,0
1261,18.0,18.0,18.0,19.0,13.0,14.0,3.0,5.0,4.0,4.0,15.0,21.0,18.0,18.0,10.0,18.0,0.32,8.0,0
1263,50.0,7.0,20.0,23.0,0.0,0.0,3.0,8.0,4.0,5.0,15.0,21.0,18.0,18.0,10.0,18.0,0.38,7.0,0
1265,30.0,30.0,20.0,10.0,10.0,0.0,6.0,8.0,6.0,0.0,15.0,21.0,18.0,18.0,10.0,18.0,0.02,7.0,0
1266,20.0,25.0,25.0,15.0,5.0,10.0,8.0,7.0,2.0,2.0,15.0,21.0,18.0,18.0,10.0,18.0,0.31,6.0,0
1267,40.0,8.0,10.0,12.0,10.0,20.0,6.0,9.0,6.0,6.0,15.0,21.0,18.0,18.0,10.0,18.0,0.08,4.0,0
1268,30.0,10.0,30.0,20.0,10.0,0.0,3.0,7.0,2.0,2.0,15.0,21.0,18.0,18.0,10.0,18.0,0.22,5.0,0
1269,40.0,5.0,20.0,10.0,10.0,15.0,6.0,8.0,5.0,5.0,15.0,21.0,18.0,18.0,10.0,18.0,-0.05,4.0,0
1270,20.0,15.0,25.0,15.0,20.0,5.0,10.0,10.0,10.0,10.0,15.0,21.0,18.0,18.0,10.0,18.0,0.05,8.0,0
1271,30.0,15.0,20.0,20.0,0.0,5.0,6.0,7.0,5.0,5.0,15.0,21.0,18.0,18.0,10.0,18.0,0.28,5.0,0
1273,19.0,24.0,21.0,23.0,5.0,8.0,7.0,8.0,6.0,2.0,15.0,21.0,18.0,18.0,10.0,18.0,0.23,6.0,0
1274,10.0,20.0,35.0,20.0,0.0,15.0,6.0,7.0,6.0,3.0,15.0,21.0,18.0,18.0,10.0,18.0,0.52,7.0,0
1275,15.0,10.0,30.0,10.0,5.0,30.0,7.0,8.0,6.0,3.0,15.0,21.0,18.0,18.0,10.0,18.0,0.4,7.0,1
1277,20.0,20.0,20.0,20.0,10.0,10.0,3.0,5.0,4.0,7.0,15.0,21.0,18.0,18.0,10.0,18.0,0.74,5.0,0
1296,20.0,20.0,20.0,10.0,10.0,20.0,9.0,8.0,6.0,7.0,10.0,20.0,20.0,20.0,20.0,10.0,0.64,3.0,0
1297,18.0,18.0,18.0,19.0,13.0,14.0,6.0,7.0,7.0,5.0,10.0,20.0,20.0,20.0,20.0,10.0,-0.23,4.0,0
1299,50.0,7.0,20.0,23.0,0.0,0.0,8.0,8.0,6.0,9.0,10.0,20.0,20.0,20.0,20.0,10.0,0.17,9.0,1
1301,30.0,30.0,20.0,10.0,10.0,0.0,6.0,8.0,5.0,7.0,10.0,20.0,20.0,20.0,20.0,10.0,0.59,9.0,1
1302,20.0,25.0,25.0,15.0,5.0,10.0,9.0,8.0,7.0,6.0,10.0,20.0,20.0,20.0,20.0,10.0,0.54,6.0,0
1304,30.0,10.0,30.0,20.0,10.0,0.0,7.0,8.0,6.0,7.0,10.0,20.0,20.0,20.0,20.0,10.0,0.12,7.0,0
1305,40.0,5.0,20.0,10.0,10.0,15.0,6.0,6.0,6.0,6.0,10.0,20.0,20.0,20.0,20.0,10.0,0.2,5.0,0
1306,20.0,15.0,25.0,15.0,20.0,5.0,9.0,6.0,6.0,6.0,10.0,20.0,20.0,20.0,20.0,10.0,0.8,6.0,0
1307,30.0,15.0,20.0,20.0,0.0,5.0,8.0,8.0,7.0,6.0,10.0,20.0,20.0,20.0,20.0,10.0,0.03,7.0,1
1309,19.0,24.0,21.0,23.0,5.0,8.0,9.0,9.0,9.0,8.0,10.0,20.0,20.0,20.0,20.0,10.0,0.8,8.0,1
1310,10.0,20.0,35.0,20.0,0.0,15.0,8.0,6.0,6.0,2.0,10.0,20.0,20.0,20.0,20.0,10.0,0.72,8.0,0
1311,15.0,10.0,30.0,10.0,5.0,30.0,9.0,8.0,6.0,3.0,10.0,20.0,20.0,20.0,20.0,10.0,0.6,7.0,1
1313,20.0,20.0,20.0,20.0,10.0,10.0,7.0,6.0,3.0,4.0,10.0,20.0,20.0,20.0,20.0,10.0,0.5,6.0,0
1333,15.0,20.0,20.0,20.0,15.0,10.0,4.0,8.0,10.0,7.0,20.0,20.0,20.0,10.0,10.0,20.0,0.56,7.0,1
1334,10.0,25.0,20.0,10.0,20.0,15.0,4.0,9.0,2.0,2.0,20.0,20.0,20.0,10.0,10.0,20.0,0.69,5.0,0
1335,10.0,20.0,15.0,20.0,20.0,15.0,5.0,7.0,6.0,5.0,20.0,20.0,20.0,10.0,10.0,20.0,0.27,8.0,0
1337,10.0,10.0,20.0,20.0,20.0,20.0,2.0,10.0,8.0,6.0,20.0,20.0,20.0,10.0,10.0,20.0,0.6,8.0,0
1338,20.0,20.0,20.0,20.0,10.0,10.0,7.0,10.0,10.0,8.0,20.0,20.0,20.0,10.0,10.0,20.0,0.29,8.0,1
1339,10.0,32.0,20.0,12.0,11.0,15.0,4.0,7.0,6.0,8.0,20.0,20.0,20.0,10.0,10.0,20.0,0.54,6.0,0
1340,30.0,30.0,30.0,5.0,0.0,5.0,1.0,0.0,10.0,3.0,20.0,20.0,20.0,10.0,10.0,20.0,0.65,5.0,0
1341,20.0,25.0,15.0,15.0,15.0,10.0,4.0,4.0,1.0,1.0,20.0,20.0,20.0,10.0,10.0,20.0,0.3,5.0,0
1343,15.0,15.0,20.0,15.0,15.0,20.0,2.0,2.0,1.0,1.0,20.0,20.0,20.0,10.0,10.0,20.0,0.69,6.0,0
1344,15.0,15.0,20.0,15.0,20.0,15.0,1.0,10.0,1.0,4.0,20.0,20.0,20.0,10.0,10.0,20.0,0.73,5.0,0
1345,25.0,15.0,20.0,20.0,20.0,0.0,6.0,8.0,5.0,6.0,20.0,20.0,20.0,10.0,10.0,20.0,0.18,5.0,0
1346,15.0,21.0,18.0,18.0,10.0,18.0,0.0,5.0,0.0,0.0,20.0,20.0,20.0,10.0,10.0,20.0,0.37,3.0,0
1348,10.0,20.0,20.0,20.0,20.0,10.0,4.0,9.0,3.0,5.0,20.0,20.0,20.0,10.0,10.0,20.0,0.64,6.0,0
1349,14.0,20.0,18.0,24.0,18.0,6.0,6.0,7.0,7.0,6.0,20.0,20.0,20.0,10.0,10.0,20.0,0.27,7.0,0
1351,15.0,20.0,20.0,20.0,15.0,10.0,4.0,6.0,6.0,7.0,18.0,18.0,18.0,19.0,13.0,14.0,-0.2,4.0,0
1352,10.0,25.0,20.0,10.0,20.0,15.0,2.0,9.0,4.0,6.0,18.0,18.0,18.0,19.0,13.0,14.0,-0.16,4.0,0
1353,10.0,20.0,15.0,20.0,20.0,15.0,5.0,6.0,5.0,4.0,18.0,18.0,18.0,19.0,13.0,14.0,-0.04,5.0,0
1354,10.0,20.0,20.0,10.0,20.0,20.0,7.0,9.0,8.0,8.0,18.0,18.0,18.0,19.0,13.0,14.0,0.31,5.0,0
1355,10.0,10.0,20.0,20.0,20.0,20.0,3.0,7.0,5.0,6.0,18.0,18.0,18.0,19.0,13.0,14.0,-0.21,6.0,0
1356,20.0,20.0,20.0,20.0,10.0,10.0,4.0,7.0,5.0,4.0,18.0,18.0,18.0,19.0,13.0,14.0,-0.25,4.0,0
1357,10.0,32.0,20.0,12.0,11.0,15.0,5.0,8.0,7.0,8.0,18.0,18.0,18.0,19.0,13.0,14.0,0.03,6.0,0
1358,30.0,30.0,30.0,5.0,0.0,5.0,5.0,7.0,5.0,4.0,18.0,18.0,18.0,19.0,13.0,14.0,-0.03,5.0,0
1359,20.0,25.0,15.0,15.0,15.0,10.0,5.0,7.0,5.0,2.0,18.0,18.0,18.0,19.0,13.0,14.0,-0.37,5.0,0
1360,15.0,20.0,20.0,20.0,5.0,20.0,6.0,6.0,7.0,6.0,18.0,18.0,18.0,19.0,13.0,14.0,0.3,9.0,0
1361,15.0,15.0,20.0,15.0,15.0,20.0,2.0,2.0,2.0,1.0,18.0,18.0,18.0,19.0,13.0,14.0,0.21,6.0,0
1362,15.0,15.0,20.0,15.0,20.0,15.0,2.0,10.0,2.0,5.0,18.0,18.0,18.0,19.0,13.0,14.0,0.3,7.0,0
1363,25.0,15.0,20.0,20.0,20.0,0.0,6.0,8.0,7.0,6.0,18.0,18.0,18.0,19.0,13.0,14.0,-0.31,2.0,0
1364,15.0,21.0,18.0,18.0,10.0,18.0,8.0,7.0,8.0,4.0,18.0,18.0,18.0,19.0,13.0,14.0,0.32,3.0,0
1366,10.0,20.0,20.0,20.0,20.0,10.0,4.0,9.0,4.0,3.0,18.0,18.0,18.0,19.0,13.0,14.0,-0.23,6.0,0
1367,14.0,20.0,18.0,24.0,18.0,6.0,7.0,7.0,7.0,7.0,18.0,18.0,18.0,19.0,13.0,14.0,-0.57,6.0,1
1371,10.0,20.0,15.0,20.0,20.0,15.0,7.0,7.0,5.0,5.0,10.0,20.0,20.0,22.0,6.0,22.0,0.49,9.0,0
1376,30.0,30.0,30.0,5.0,0.0,5.0,5.0,8.0,6.0,5.0,10.0,20.0,20.0,22.0,6.0,22.0,0.44,8.0,0
1383,15.0,3.0,50.0,20.0,2.0,10.0,4.0,6.0,6.0,5.0,10.0,20.0,20.0,22.0,6.0,22.0,0.28,8.0,0
1423,15.0,20.0,20.0,20.0,15.0,10.0,10.0,8.0,7.0,9.0,30.0,30.0,20.0,10.0,10.0,0.0,0.55,8.0,1
1425,10.0,20.0,15.0,20.0,20.0,15.0,7.0,7.0,7.0,7.0,30.0,30.0,20.0,10.0,10.0,0.0,0.9,8.0,0
1426,10.0,20.0,20.0,10.0,20.0,20.0,8.0,8.0,8.0,7.0,30.0,30.0,20.0,10.0,10.0,0.0,0.14,6.0,0
1427,10.0,10.0,20.0,20.0,20.0,20.0,8.0,8.0,7.0,8.0,30.0,30.0,20.0,10.0,10.0,0.0,0.61,9.0,1
1428,20.0,20.0,20.0,20.0,10.0,10.0,8.0,10.0,10.0,10.0,30.0,30.0,20.0,10.0,10.0,0.0,0.66,8.0,1
1429,10.0,32.0,20.0,12.0,11.0,15.0,8.0,8.0,8.0,7.0,30.0,30.0,20.0,10.0,10.0,0.0,0.79,9.0,1
1430,30.0,30.0,30.0,5.0,0.0,5.0,7.0,6.0,7.0,7.0,30.0,30.0,20.0,10.0,10.0,0.0,0.67,7.0,0
1431,20.0,25.0,15.0,15.0,15.0,10.0,8.0,7.0,6.0,5.0,30.0,30.0,20.0,10.0,10.0,0.0,0.5,6.0,0
1432,15.0,20.0,20.0,20.0,5.0,20.0,7.0,6.0,5.0,5.0,30.0,30.0,20.0,10.0,10.0,0.0,0.8,6.0,0
1433,15.0,15.0,20.0,15.0,15.0,20.0,8.0,7.0,7.0,7.0,30.0,30.0,20.0,10.0,10.0,0.0,0.24,8.0,1
1434,15.0,15.0,20.0,15.0,20.0,15.0,8.0,10.0,8.0,8.0,30.0,30.0,20.0,10.0,10.0,0.0,0.08,6.0,0
1435,25.0,15.0,20.0,20.0,20.0,0.0,9.0,9.0,9.0,9.0,30.0,30.0,20.0,10.0,10.0,0.0,0.64,9.0,1
1438,10.0,20.0,20.0,20.0,20.0,10.0,10.0,9.0,10.0,9.0,30.0,30.0,20.0,10.0,10.0,0.0,0.59,8.0,1
1443,10.0,20.0,15.0,20.0,20.0,15.0,4.0,6.0,6.0,4.0,20.0,25.0,25.0,15.0,5.0,10.0,0.56,6.0,0
1444,10.0,20.0,20.0,10.0,20.0,20.0,6.0,8.0,7.0,7.0,20.0,25.0,25.0,15.0,5.0,10.0,0.54,6.0,0
1445,10.0,10.0,20.0,20.0,20.0,20.0,3.0,8.0,6.0,5.0,20.0,25.0,25.0,15.0,5.0,10.0,0.65,8.0,0
1446,20.0,20.0,20.0,20.0,10.0,10.0,5.0,10.0,9.0,8.0,20.0,25.0,25.0,15.0,5.0,10.0,0.43,7.0,0
1447,10.0,32.0,20.0,12.0,11.0,15.0,4.0,7.0,4.0,3.0,20.0,25.0,25.0,15.0,5.0,10.0,0.58,6.0,0
1448,30.0,30.0,30.0,5.0,0.0,5.0,2.0,7.0,4.0,5.0,20.0,25.0,25.0,15.0,5.0,10.0,0.62,6.0,0
1449,20.0,25.0,15.0,15.0,15.0,10.0,5.0,8.0,5.0,3.0,20.0,25.0,25.0,15.0,5.0,10.0,0.32,8.0,0
1450,15.0,20.0,20.0,20.0,5.0,20.0,7.0,6.0,5.0,5.0,20.0,25.0,25.0,15.0,5.0,10.0,0.32,8.0,1
1451,15.0,15.0,20.0,15.0,15.0,20.0,3.0,9.0,5.0,5.0,20.0,25.0,25.0,15.0,5.0,10.0,0.38,6.0,0
1452,15.0,15.0,20.0,15.0,20.0,15.0,4.0,10.0,6.0,9.0,20.0,25.0,25.0,15.0,5.0,10.0,0.54,8.0,0
1453,25.0,15.0,20.0,20.0,20.0,0.0,8.0,10.0,10.0,9.0,20.0,25.0,25.0,15.0,5.0,10.0,0.13,8.0,0
1454,15.0,21.0,18.0,18.0,10.0,18.0,5.0,8.0,6.0,4.0,20.0,25.0,25.0,15.0,5.0,10.0,0.31,4.0,0
1456,10.0,20.0,20.0,20.0,20.0,10.0,6.0,9.0,4.0,5.0,20.0,25.0,25.0,15.0,5.0,10.0,0.54,6.0,0
1457,14.0,20.0,18.0,24.0,18.0,6.0,7.0,7.0,7.0,7.0,20.0,25.0,25.0,15.0,5.0,10.0,0.17,8.0,1
1464,20.0,20.0,20.0,20.0,10.0,10.0,5.0,10.0,8.0,7.0,40.0,8.0,10.0,12.0,10.0,20.0,0.19,9.0,0
1471,25.0,15.0,20.0,20.0,20.0,0.0,5.0,8.0,6.0,6.0,40.0,8.0,10.0,12.0,10.0,20.0,0.31,6.0,0
1472,15.0,21.0,18.0,18.0,10.0,18.0,4.0,8.0,4.0,4.0,40.0,8.0,10.0,12.0,10.0,20.0,0.08,6.0,0
1477,15.0,20.0,20.0,20.0,15.0,10.0,6.0,6.0,7.0,6.0,30.0,10.0,30.0,20.0,10.0,0.0,0.0,5.0,0
1479,10.0,20.0,15.0,20.0,20.0,15.0,2.0,2.0,2.0,2.0,30.0,10.0,30.0,20.0,10.0,0.0,-0.15,4.0,0
1480,10.0,20.0,20.0,10.0,20.0,20.0,8.0,8.0,8.0,9.0,30.0,10.0,30.0,20.0,10.0,0.0,0.06,10.0,1
1481,10.0,10.0,20.0,20.0,20.0,20.0,2.0,10.0,1.0,1.0,30.0,10.0,30.0,20.0,10.0,0.0,0.11,9.0,0
1482,20.0,20.0,20.0,20.0,10.0,10.0,4.0,9.0,6.0,6.0,30.0,10.0,30.0,20.0,10.0,0.0,-0.01,7.0,0
1483,10.0,32.0,20.0,12.0,11.0,15.0,5.0,8.0,6.0,4.0,30.0,10.0,30.0,20.0,10.0,0.0,-0.18,9.0,0
1484,30.0,30.0,30.0,5.0,0.0,5.0,4.0,6.0,3.0,3.0,30.0,10.0,30.0,20.0,10.0,0.0,0.1,7.0,0
1485,20.0,25.0,15.0,15.0,15.0,10.0,5.0,8.0,6.0,3.0,30.0,10.0,30.0,20.0,10.0,0.0,-0.08,4.0,0
1486,15.0,20.0,20.0,20.0,5.0,20.0,5.0,6.0,5.0,4.0,30.0,10.0,30.0,20.0,10.0,0.0,-0.28,7.0,0
1487,15.0,15.0,20.0,15.0,15.0,20.0,2.0,4.0,5.0,2.0,30.0,10.0,30.0,20.0,10.0,0.0,0.42,7.0,0
1488,15.0,15.0,20.0,15.0,20.0,15.0,2.0,10.0,1.0,1.0,30.0,10.0,30.0,20.0,10.0,0.0,0.26,5.0,0
1489,25.0,15.0,20.0,20.0,20.0,0.0,6.0,9.0,6.0,5.0,30.0,10.0,30.0,20.0,10.0,0.0,-0.35,3.0,0
1490,15.0,21.0,18.0,18.0,10.0,18.0,5.0,6.0,5.0,5.0,30.0,10.0,30.0,20.0,10.0,0.0,0.22,4.0,0
1491,15.0,3.0,50.0,20.0,2.0,10.0,4.0,7.0,6.0,3.0,30.0,10.0,30.0,20.0,10.0,0.0,-0.21,8.0,0
1492,10.0,20.0,20.0,20.0,20.0,10.0,4.0,9.0,7.0,6.0,30.0,10.0,30.0,20.0,10.0,0.0,0.12,7.0,0
1493,14.0,20.0,18.0,24.0,18.0,6.0,6.0,7.0,6.0,6.0,30.0,10.0,30.0,20.0,10.0,0.0,-0.15,6.0,0
1495,15.0,20.0,20.0,20.0,15.0,10.0,9.0,7.0,10.0,7.0,40.0,5.0,20.0,10.0,10.0,15.0,0.15,6.0,0
1497,10.0,20.0,15.0,20.0,20.0,15.0,5.0,5.0,5.0,5.0,40.0,5.0,20.0,10.0,10.0,15.0,-0.18,6.0,0
1498,10.0,20.0,20.0,10.0,20.0,20.0,7.0,8.0,8.0,8.0,40.0,5.0,20.0,10.0,10.0,15.0,0.38,6.0,0
1499,10.0,10.0,20.0,20.0,20.0,20.0,4.0,8.0,6.0,6.0,40.0,5.0,20.0,10.0,10.0,15.0,0.2,8.0,0
1500,20.0,20.0,20.0,20.0,10.0,10.0,6.0,8.0,8.0,7.0,40.0,5.0,20.0,10.0,10.0,15.0,0.06,5.0,0
1501,10.0,32.0,20.0,12.0,11.0,15.0,7.0,8.0,8.0,8.0,40.0,5.0,20.0,10.0,10.0,15.0,0.0,7.0,0
1502,30.0,30.0,30.0,5.0,0.0,5.0,5.0,5.0,5.0,5.0,40.0,5.0,20.0,10.0,10.0,15.0,0.1,7.0,0
1503,20.0,25.0,15.0,15.0,15.0,10.0,8.0,7.0,6.0,3.0,40.0,5.0,20.0,10.0,10.0,15.0,0.12,7.0,0
1504,15.0,20.0,20.0,20.0,5.0,20.0,7.0,6.0,5.0,3.0,40.0,5.0,20.0,10.0,10.0,15.0,0.13,7.0,0
1505,15.0,15.0,20.0,15.0,15.0,20.0,3.0,6.0,4.0,1.0,40.0,5.0,20.0,10.0,10.0,15.0,0.62,8.0,0
1506,15.0,15.0,20.0,15.0,20.0,15.0,6.0,7.0,6.0,3.0,40.0,5.0,20.0,10.0,10.0,15.0,0.34,7.0,0
1507,25.0,15.0,20.0,20.0,20.0,0.0,8.0,8.0,7.0,5.0,40.0,5.0,20.0,10.0,10.0,15.0,-0.19,7.0,0
1508,15.0,21.0,18.0,18.0,10.0,18.0,4.0,5.0,6.0,4.0,40.0,5.0,20.0,10.0,10.0,15.0,-0.05,5.0,0
1510,10.0,20.0,20.0,20.0,20.0,10.0,8.0,8.0,5.0,5.0,40.0,5.0,20.0,10.0,10.0,15.0,0.2,6.0,0
1511,14.0,20.0,18.0,24.0,18.0,6.0,7.0,7.0,7.0,7.0,40.0,5.0,20.0,10.0,10.0,15.0,-0.06,7.0,0
1513,15.0,20.0,20.0,20.0,15.0,10.0,6.0,5.0,5.0,6.0,20.0,15.0,25.0,15.0,20.0,5.0,0.63,7.0,0
1514,10.0,25.0,20.0,10.0,20.0,15.0,9.0,9.0,9.0,5.0,20.0,15.0,25.0,15.0,20.0,5.0,0.59,5.0,0
1516,10.0,20.0,20.0,10.0,20.0,20.0,8.0,8.0,6.0,7.0,20.0,15.0,25.0,15.0,20.0,5.0,-0.12,8.0,0
1517,10.0,10.0,20.0,20.0,20.0,20.0,6.0,8.0,8.0,7.0,20.0,15.0,25.0,15.0,20.0,5.0,0.53,8.0,1
1518,20.0,20.0,20.0,20.0,10.0,10.0,8.0,9.0,7.0,7.0,20.0,15.0,25.0,15.0,20.0,5.0,0.52,7.0,0
1519,10.0,32.0,20.0,12.0,11.0,15.0,7.0,8.0,6.0,6.0,20.0,15.0,25.0,15.0,20.0,5.0,0.51,7.0,0
1520,30.0,30.0,30.0,5.0,0.0,5.0,6.0,5.0,5.0,2.0,20.0,15.0,25.0,15.0,20.0,5.0,0.68,6.0,0
1521,20.0,25.0,15.0,15.0,15.0,10.0,7.0,8.0,7.0,5.0,20.0,15.0,25.0,15.0,20.0,5.0,0.56,6.0,0
1522,15.0,20.0,20.0,20.0,5.0,20.0,9.0,7.0,8.0,7.0,20.0,15.0,25.0,15.0,20.0,5.0,0.14,7.0,1
1523,15.0,15.0,20.0,15.0,15.0,20.0,2.0,4.0,5.0,2.0,20.0,15.0,25.0,15.0,20.0,5.0,0.59,6.0,0
1524,15.0,15.0,20.0,15.0,20.0,15.0,6.0,10.0,5.0,3.0,20.0,15.0,25.0,15.0,20.0,5.0,0.08,6.0,0
1525,25.0,15.0,20.0,20.0,20.0,0.0,9.0,9.0,8.0,7.0,20.0,15.0,25.0,15.0,20.0,5.0,0.56,7.0,1
1526,15.0,21.0,18.0,18.0,10.0,18.0,10.0,10.0,10.0,7.0,20.0,15.0,25.0,15.0,20.0,5.0,0.05,10.0,0
1528,10.0,20.0,20.0,20.0,20.0,10.0,8.0,8.0,7.0,7.0,20.0,15.0,25.0,15.0,20.0,5.0,0.8,7.0,0
1529,14.0,20.0,18.0,24.0,18.0,6.0,8.0,7.0,8.0,8.0,20.0,15.0,25.0,15.0,20.0,5.0,0.45,7.0,1
1551,10.0,20.0,15.0,20.0,20.0,15.0,5.0,5.0,5.0,5.0,10.0,20.0,35.0,10.0,5.0,20.0,0.24,9.0,0
1553,10.0,10.0,20.0,20.0,20.0,20.0,4.0,8.0,9.0,3.0,10.0,20.0,35.0,10.0,5.0,20.0,0.09,3.0,0
1555,10.0,32.0,20.0,12.0,11.0,15.0,5.0,8.0,8.0,8.0,10.0,20.0,35.0,10.0,5.0,20.0,0.17,10.0,0
1556,30.0,30.0,30.0,5.0,0.0,5.0,4.0,8.0,6.0,5.0,10.0,20.0,35.0,10.0,5.0,20.0,-0.06,10.0,0
1558,15.0,20.0,20.0,20.0,5.0,20.0,5.0,7.0,7.0,6.0,10.0,20.0,35.0,10.0,5.0,20.0,0.21,7.0,0
1560,15.0,15.0,20.0,15.0,20.0,15.0,2.0,10.0,2.0,3.0,10.0,20.0,35.0,10.0,5.0,20.0,0.18,7.0,0
1565,14.0,20.0,18.0,24.0,18.0,6.0,7.0,7.0,7.0,7.0,10.0,20.0,35.0,10.0,5.0,20.0,0.37,10.0,0
1584,10.0,10.0,30.0,20.0,10.0,20.0,5.0,5.0,5.0,8.0,10.0,20.0,35.0,20.0,0.0,15.0,0.32,6.0,0
1585,15.0,20.0,20.0,20.0,15.0,10.0,9.0,7.0,9.0,5.0,10.0,20.0,35.0,20.0,0.0,15.0,0.41,5.0,0
1586,10.0,25.0,20.0,10.0,20.0,15.0,7.0,7.0,2.0,2.0,10.0,20.0,35.0,20.0,0.0,15.0,0.51,5.0,0
1587,10.0,20.0,15.0,20.0,20.0,15.0,6.0,6.0,6.0,6.0,10.0,20.0,35.0,20.0,0.0,15.0,0.6,7.0,1
1588,10.0,20.0,20.0,10.0,20.0,20.0,8.0,8.0,8.0,8.0,10.0,20.0,35.0,20.0,0.0,15.0,0.31,6.0,0
1589,10.0,10.0,20.0,20.0,20.0,20.0,7.0,7.0,8.0,7.0,10.0,20.0,35.0,20.0,0.0,15.0,0.55,7.0,1
1590,20.0,20.0,20.0,20.0,10.0,10.0,7.0,10.0,10.0,10.0,10.0,20.0,35.0,20.0,0.0,15.0,0.56,6.0,0
1591,10.0,32.0,20.0,12.0,11.0,15.0,5.0,9.0,6.0,5.0,10.0,20.0,35.0,20.0,0.0,15.0,0.83,6.0,0
1592,30.0,30.0,30.0,5.0,0.0,5.0,4.0,8.0,7.0,6.0,10.0,20.0,35.0,20.0,0.0,15.0,0.76,7.0,1
1593,20.0,25.0,15.0,15.0,15.0,10.0,6.0,6.0,4.0,1.0,10.0,20.0,35.0,20.0,0.0,15.0,0.33,5.0,0
1594,15.0,20.0,20.0,20.0,5.0,20.0,10.0,6.0,7.0,5.0,10.0,20.0,35.0,20.0,0.0,15.0,0.44,8.0,1
1595,15.0,15.0,20.0,15.0,15.0,20.0,7.0,7.0,6.0,5.0,10.0,20.0,35.0,20.0,0.0,15.0,0.55,5.0,0
1596,15.0,15.0,20.0,15.0,20.0,15.0,8.0,10.0,5.0,8.0,10.0,20.0,35.0,20.0,0.0,15.0,0.31,7.0,0
1597,25.0,15.0,20.0,20.0,20.0,0.0,9.0,8.0,10.0,7.0,10.0,20.0,35.0,20.0,0.0,15.0,0.39,5.0,0
1598,15.0,21.0,18.0,18.0,10.0,18.0,7.0,6.0,6.0,5.0,10.0,20.0,35.0,20.0,0.0,15.0,0.52,5.0,0
1599,15.0,3.0,50.0,20.0,2.0,10.0,9.0,8.0,7.0,7.0,10.0,20.0,35.0,20.0,0.0,15.0,0.39,7.0,0
1600,10.0,20.0,20.0,20.0,20.0,10.0,8.0,10.0,9.0,9.0,10.0,20.0,35.0,20.0,0.0,15.0,0.72,6.0,0
1601,14.0,20.0,18.0,24.0,18.0,6.0,7.0,7.0,7.0,6.0,10.0,20.0,35.0,20.0,0.0,15.0,0.09,7.0,0
1603,15.0,20.0,20.0,20.0,15.0,10.0,6.0,7.0,6.0,7.0,15.0,10.0,30.0,10.0,5.0,30.0,0.56,7.0,0
1604,10.0,25.0,20.0,10.0,20.0,15.0,7.0,10.0,6.0,6.0,15.0,10.0,30.0,10.0,5.0,30.0,0.59,7.0,1
1605,10.0,20.0,15.0,20.0,20.0,15.0,5.0,5.0,5.0,5.0,15.0,10.0,30.0,10.0,5.0,30.0,0.8,7.0,0
1606,10.0,20.0,20.0,10.0,20.0,20.0,8.0,8.0,8.0,8.0,15.0,10.0,30.0,10.0,5.0,30.0,0.34,7.0,1
1607,10.0,10.0,20.0,20.0,20.0,20.0,6.0,8.0,8.0,7.0,15.0,10.0,30.0,10.0,5.0,30.0,0.6,8.0,0
1608,20.0,20.0,20.0,20.0,10.0,10.0,6.0,10.0,8.0,8.0,15.0,10.0,30.0,10.0,5.0,30.0,0.66,8.0,1
1609,10.0,32.0,20.0,12.0,11.0,15.0,4.0,8.0,9.0,8.0,15.0,10.0,30.0,10.0,5.0,30.0,0.81,8.0,0
1610,30.0,30.0,30.0,5.0,0.0,5.0,5.0,9.0,6.0,5.0,15.0,10.0,30.0,10.0,5.0,30.0,0.65,8.0,0
1611,20.0,25.0,15.0,15.0,15.0,10.0,6.0,7.0,5.0,2.0,15.0,10.0,30.0,10.0,5.0,30.0,0.59,7.0,0
1612,15.0,20.0,20.0,20.0,5.0,20.0,6.0,7.0,7.0,7.0,15.0,10.0,30.0,10.0,5.0,30.0,0.73,7.0,1
1613,15.0,15.0,20.0,15.0,15.0,20.0,2.0,7.0,8.0,4.0,15.0,10.0,30.0,10.0,5.0,30.0,0.27,6.0,0
1614,15.0,15.0,20.0,15.0,20.0,15.0,5.0,10.0,10.0,10.0,15.0,10.0,30.0,10.0,5.0,30.0,0.3,5.0,0
1615,25.0,15.0,20.0,20.0,20.0,0.0,8.0,10.0,8.0,6.0,15.0,10.0,30.0,10.0,5.0,30.0,0.58,5.0,0
1616,15.0,21.0,18.0,18.0,10.0,18.0,6.0,7.0,5.0,7.0,15.0,10.0,30.0,10.0,5.0,30.0,0.4,5.0,1
1618,10.0,20.0,20.0,20.0,20.0,10.0,7.0,9.0,7.0,7.0,15.0,10.0,30.0,10.0,5.0,30.0,0.6,8.0,1
1619,14.0,20.0,18.0,24.0,18.0,6.0,7.0,7.0,6.0,6.0,15.0,10.0,30.0,10.0,5.0,30.0,0.34,8.0,0
1621,15.0,20.0,20.0,20.0,15.0,10.0,8.0,8.0,9.0,8.0,20.0,20.0,15.0,15.0,5.0,25.0,0.76,5.0,0
1625,10.0,10.0,20.0,20.0,20.0,20.0,6.0,7.0,6.0,6.0,20.0,20.0,15.0,15.0,5.0,25.0,0.67,4.0,0
1626,20.0,20.0,20.0,20.0,10.0,10.0,7.0,8.0,9.0,6.0,20.0,20.0,15.0,15.0,5.0,25.0,0.76,5.0,0
1630,15.0,20.0,20.0,20.0,5.0,20.0,8.0,7.0,7.0,8.0,20.0,20.0,15.0,15.0,5.0,25.0,0.5,8.0,1
1632,15.0,15.0,20.0,15.0,20.0,15.0,4.0,10.0,10.0,8.0,20.0,20.0,15.0,15.0,5.0,25.0,0.52,6.0,0
1633,25.0,15.0,20.0,20.0,20.0,0.0,7.0,10.0,10.0,6.0,20.0,20.0,15.0,15.0,5.0,25.0,0.36,6.0,0
1637,14.0,20.0,18.0,24.0,18.0,6.0,7.0,7.0,6.0,6.0,20.0,20.0,15.0,15.0,5.0,25.0,0.31,5.0,0
1656,40.0,15.0,10.0,20.0,5.0,10.0,9.0,9.0,9.0,9.0,15.0,15.0,20.0,25.0,10.0,15.0,-0.29,8.0,1
1657,50.0,10.0,20.0,5.0,5.0,10.0,9.0,7.0,6.0,5.0,15.0,15.0,20.0,25.0,10.0,15.0,-0.37,4.0,0
1658,40.0,10.0,10.0,10.0,10.0,20.0,6.0,7.0,4.0,5.0,15.0,15.0,20.0,25.0,10.0,15.0,0.26,1.0,0
1659,20.0,15.0,20.0,15.0,12.0,18.0,9.0,9.0,9.0,7.0,15.0,15.0,20.0,25.0,10.0,15.0,0.34,8.0,1
1660,25.0,40.0,15.0,10.0,5.0,5.0,7.0,7.0,6.0,6.0,15.0,15.0,20.0,25.0,10.0,15.0,0.3,8.0,1
1661,25.0,25.0,25.0,15.0,5.0,5.0,10.0,9.0,10.0,10.0,15.0,15.0,20.0,25.0,10.0,15.0,-0.24,8.0,1
1662,40.0,15.0,10.0,20.0,10.0,5.0,10.0,8.0,9.0,7.0,15.0,15.0,20.0,25.0,10.0,15.0,0.44,9.0,1
1665,25.0,10.0,20.0,20.0,10.0,15.0,5.0,5.0,5.0,5.0,15.0,15.0,20.0,25.0,10.0,15.0,0.35,2.0,0
1666,40.0,15.0,10.0,20.0,5.0,10.0,10.0,10.0,10.0,10.0,15.0,15.0,25.0,25.0,15.0,5.0,0.08,8.0,0
1667,50.0,10.0,20.0,5.0,5.0,10.0,6.0,5.0,4.0,5.0,15.0,15.0,25.0,25.0,15.0,5.0,-0.22,4.0,0
1668,40.0,10.0,10.0,10.0,10.0,20.0,7.0,7.0,5.0,8.0,15.0,15.0,25.0,25.0,15.0,5.0,0.85,1.0,0
1669,20.0,15.0,20.0,15.0,12.0,18.0,8.0,7.0,7.0,6.0,15.0,15.0,25.0,25.0,15.0,5.0,0.76,9.0,1
1670,25.0,40.0,15.0,10.0,5.0,5.0,6.0,9.0,9.0,6.0,15.0,15.0,25.0,25.0,15.0,5.0,0.44,7.0,1
1671,25.0,25.0,25.0,15.0,5.0,5.0,5.0,5.0,5.0,5.0,15.0,15.0,25.0,25.0,15.0,5.0,-0.28,9.0,0
1672,40.0,15.0,10.0,20.0,10.0,5.0,7.0,9.0,8.0,8.0,15.0,15.0,25.0,25.0,15.0,5.0,-0.09,6.0,1
1675,25.0,10.0,20.0,20.0,10.0,15.0,5.0,5.0,5.0,5.0,15.0,15.0,25.0,25.0,15.0,5.0,0.45,3.0,0
1686,40.0,15.0,10.0,20.0,5.0,10.0,10.0,10.0,10.0,10.0,20.0,10.0,30.0,20.0,15.0,5.0,-0.05,10.0,0
1687,50.0,10.0,20.0,5.0,5.0,10.0,4.0,4.0,4.0,4.0,20.0,10.0,30.0,20.0,15.0,5.0,0.07,5.0,0
1688,40.0,10.0,10.0,10.0,10.0,20.0,6.0,4.0,4.0,6.0,20.0,10.0,30.0,20.0,15.0,5.0,0.58,2.0,0
1689,20.0,15.0,20.0,15.0,12.0,18.0,10.0,9.0,10.0,10.0,20.0,10.0,30.0,20.0,15.0,5.0,0.71,10.0,1
1690,25.0,40.0,15.0,10.0,5.0,5.0,5.0,6.0,6.0,5.0,20.0,10.0,30.0,20.0,15.0,5.0,0.4,8.0,0
1691,25.0,25.0,25.0,15.0,5.0,5.0,7.0,7.0,10.0,8.0,20.0,10.0,30.0,20.0,15.0,5.0,-0.09,7.0,1
1692,40.0,15.0,10.0,20.0,10.0,5.0,9.0,6.0,10.0,7.0,20.0,10.0,30.0,20.0,15.0,5.0,-0.13,8.0,1
1696,40.0,15.0,10.0,20.0,5.0,10.0,10.0,10.0,10.0,10.0,15.0,15.0,25.0,25.0,20.0,0.0,0.08,10.0,1
1697,50.0,10.0,20.0,5.0,5.0,10.0,6.0,5.0,4.0,6.0,15.0,15.0,25.0,25.0,20.0,0.0,-0.41,8.0,0
1698,40.0,10.0,10.0,10.0,10.0,20.0,5.0,3.0,2.0,4.0,15.0,15.0,25.0,25.0,20.0,0.0,0.68,3.0,0
1699,20.0,15.0,20.0,15.0,12.0,18.0,10.0,10.0,10.0,10.0,15.0,15.0,25.0,25.0,20.0,0.0,0.62,10.0,1
1700,25.0,40.0,15.0,10.0,5.0,5.0,7.0,8.0,9.0,7.0,15.0,15.0,25.0,25.0,20.0,0.0,0.33,7.0,0
1701,25.0,25.0,25.0,15.0,5.0,5.0,7.0,7.0,7.0,5.0,15.0,15.0,25.0,25.0,20.0,0.0,-0.42,7.0,1
1702,40.0,15.0,10.0,20.0,10.0,5.0,7.0,7.0,7.0,6.0,15.0,15.0,25.0,25.0,20.0,0.0,-0.31,6.0,0
1705,25.0,10.0,20.0,20.0,10.0,15.0,5.0,5.0,5.0,5.0,15.0,15.0,25.0,25.0,20.0,0.0,0.54,5.0,0
1706,40.0,15.0,10.0,20.0,5.0,10.0,10.0,10.0,10.0,10.0,20.0,10.0,20.0,20.0,20.0,10.0,0.12,8.0,0
1709,20.0,15.0,20.0,15.0,12.0,18.0,10.0,6.0,10.0,10.0,20.0,10.0,20.0,20.0,20.0,10.0,0.47,10.0,1
1710,25.0,40.0,15.0,10.0,5.0,5.0,7.0,7.0,7.0,8.0,20.0,10.0,20.0,20.0,20.0,10.0,0.3,7.0,0
1711,25.0,25.0,25.0,15.0,5.0,5.0,7.0,8.0,8.0,6.0,20.0,10.0,20.0,20.0,20.0,10.0,0.0,7.0,0
1712,40.0,15.0,10.0,20.0,10.0,5.0,8.0,9.0,9.0,7.0,20.0,10.0,20.0,20.0,20.0,10.0,-0.5,8.0,0
1721,25.0,25.0,25.0,15.0,5.0,5.0,9.0,8.0,6.0,3.0,50.0,15.0,10.0,10.0,10.0,5.0,-0.24,8.0,1
1726,40.0,15.0,10.0,20.0,5.0,10.0,6.0,7.0,7.0,7.0,10.0,10.0,35.0,35.0,8.0,2.0,0.4,6.0,1
1727,50.0,10.0,20.0,5.0,5.0,10.0,9.0,8.0,5.0,4.0,10.0,10.0,35.0,35.0,8.0,2.0,-0.31,4.0,0
1728,40.0,10.0,10.0,10.0,10.0,20.0,7.0,6.0,6.0,7.0,10.0,10.0,35.0,35.0,8.0,2.0,0.64,1.0,0
1729,20.0,15.0,20.0,15.0,12.0,18.0,9.0,7.0,8.0,7.0,10.0,10.0,35.0,35.0,8.0,2.0,0.53,5.0,1
1730,25.0,40.0,15.0,10.0,5.0,5.0,7.0,7.0,7.0,8.0,10.0,10.0,35.0,35.0,8.0,2.0,0.69,7.0,0
1731,25.0,25.0,25.0,15.0,5.0,5.0,8.0,7.0,8.0,6.0,10.0,10.0,35.0,35.0,8.0,2.0,-0.36,2.0,0
1732,40.0,15.0,10.0,20.0,10.0,5.0,8.0,10.0,10.0,7.0,10.0,10.0,35.0,35.0,8.0,2.0,0.0,6.0,1
1735,25.0,10.0,20.0,20.0,10.0,15.0,6.0,7.0,6.0,2.0,10.0,10.0,35.0,35.0,8.0,2.0,0.54,5.0,0
1736,40.0,15.0,10.0,20.0,5.0,10.0,6.0,8.0,7.0,6.0,35.0,15.0,5.0,30.0,15.0,0.0,0.04,9.0,0
1737,50.0,10.0,20.0,5.0,5.0,10.0,5.0,5.0,4.0,4.0,35.0,15.0,5.0,30.0,15.0,0.0,-0.28,9.0,0
1738,40.0,10.0,10.0,10.0,10.0,20.0,2.0,9.0,6.0,7.0,35.0,15.0,5.0,30.0,15.0,0.0,0.83,5.0,0
1739,20.0,15.0,20.0,15.0,12.0,18.0,4.0,6.0,5.0,2.0,35.0,15.0,5.0,30.0,15.0,0.0,0.72,8.0,0
1740,25.0,40.0,15.0,10.0,5.0,5.0,4.0,7.0,6.0,5.0,35.0,15.0,5.0,30.0,15.0,0.0,0.14,9.0,0
1741,25.0,25.0,25.0,15.0,5.0,5.0,5.0,7.0,0.0,0.0,35.0,15.0,5.0,30.0,15.0,0.0,-0.36,1.0,0
1742,40.0,15.0,10.0,20.0,10.0,5.0,6.0,7.0,7.0,7.0,35.0,15.0,5.0,30.0,15.0,0.0,-0.15,9.0,0
1745,25.0,10.0,20.0,20.0,10.0,15.0,7.0,10.0,6.0,2.0,35.0,15.0,5.0,30.0,15.0,0.0,0.52,9.0,0
1746,15.0,15.0,20.0,25.0,10.0,15.0,7.0,7.0,9.0,8.0,40.0,15.0,10.0,20.0,5.0,10.0,-0.29,9.0,1
1747,15.0,15.0,25.0,25.0,15.0,5.0,8.0,9.0,10.0,5.0,40.0,15.0,10.0,20.0,5.0,10.0,0.08,10.0,0
1748,20.0,20.0,20.0,20.0,10.0,10.0,7.0,6.0,7.0,4.0,40.0,15.0,10.0,20.0,5.0,10.0,0.48,8.0,0
1749,20.0,10.0,30.0,20.0,15.0,5.0,10.0,10.0,10.0,10.0,40.0,15.0,10.0,20.0,5.0,10.0,-0.05,10.0,0
1750,15.0,15.0,25.0,25.0,20.0,0.0,10.0,10.0,10.0,10.0,40.0,15.0,10.0,20.0,5.0,10.0,0.08,10.0,1
1751,20.0,10.0,20.0,20.0,20.0,10.0,10.0,10.0,10.0,10.0,40.0,15.0,10.0,20.0,5.0,10.0,0.12,10.0,0
1753,10.0,10.0,35.0,35.0,8.0,2.0,7.0,7.0,8.0,5.0,40.0,15.0,10.0,20.0,5.0,10.0,0.4,8.0,1
1754,35.0,15.0,5.0,30.0,15.0,0.0,8.0,10.0,7.0,8.0,40.0,15.0,10.0,20.0,5.0,10.0,0.04,7.0,0
1756,15.0,15.0,20.0,25.0,10.0,15.0,4.0,7.0,4.0,3.0,50.0,10.0,20.0,5.0,5.0,10.0,-0.37,8.0,0
1757,15.0,15.0,25.0,25.0,15.0,5.0,5.0,6.0,5.0,2.0,50.0,10.0,20.0,5.0,5.0,10.0,-0.22,4.0,0
1758,20.0,20.0,20.0,20.0,10.0,10.0,8.0,6.0,6.0,4.0,50.0,10.0,20.0,5.0,5.0,10.0,0.13,4.0,0
1759,20.0,10.0,30.0,20.0,15.0,5.0,6.0,10.0,7.0,5.0,50.0,10.0,20.0,5.0,5.0,10.0,0.07,4.0,0
1760,15.0,15.0,25.0,25.0,20.0,0.0,7.0,8.0,8.0,6.0,50.0,10.0,20.0,5.0,5.0,10.0,-0.41,4.0,0
1761,20.0,10.0,20.0,20.0,20.0,10.0,7.0,8.0,7.0,4.0,50.0,10.0,20.0,5.0,5.0,10.0,0.05,6.0,0
1763,10.0,10.0,35.0,35.0,8.0,2.0,5.0,6.0,2.0,2.0,50.0,10.0,20.0,5.0,5.0,10.0,-0.31,5.0,0
1764,35.0,15.0,5.0,30.0,15.0,0.0,9.0,7.0,5.0,9.0,50.0,10.0,20.0,5.0,5.0,10.0,-0.28,3.0,0
1766,15.0,15.0,20.0,25.0,10.0,15.0,5.0,6.0,2.0,1.0,40.0,10.0,10.0,10.0,10.0,20.0,0.26,6.0,0
1767,15.0,15.0,25.0,25.0,15.0,5.0,5.0,8.0,1.0,1.0,40.0,10.0,10.0,10.0,10.0,20.0,0.85,8.0,0
1768,20.0,20.0,20.0,20.0,10.0,10.0,4.0,4.0,2.0,3.0,40.0,10.0,10.0,10.0,10.0,20.0,-0.04,7.0,0
1769,20.0,10.0,30.0,20.0,15.0,5.0,2.0,10.0,2.0,2.0,40.0,10.0,10.0,10.0,10.0,20.0,0.58,6.0,0
1770,15.0,15.0,25.0,25.0,20.0,0.0,4.0,8.0,2.0,0.0,40.0,10.0,10.0,10.0,10.0,20.0,0.68,7.0,0
1771,20.0,10.0,20.0,20.0,20.0,10.0,4.0,7.0,5.0,3.0,40.0,10.0,10.0,10.0,10.0,20.0,0.33,7.0,0
1773,10.0,10.0,35.0,35.0,8.0,2.0,2.0,4.0,1.0,0.0,40.0,10.0,10.0,10.0,10.0,20.0,0.64,8.0,0
1774,35.0,15.0,5.0,30.0,15.0,0.0,4.0,7.0,6.0,1.0,40.0,10.0,10.0,10.0,10.0,20.0,0.83,7.0,0
1776,15.0,15.0,20.0,25.0,10.0,15.0,7.0,8.0,8.0,8.0,20.0,15.0,20.0,15.0,12.0,18.0,0.34,8.0,1
1777,15.0,15.0,25.0,25.0,15.0,5.0,10.0,10.0,10.0,7.0,20.0,15.0,20.0,15.0,12.0,18.0,0.76,7.0,1
1778,20.0,20.0,20.0,20.0,10.0,10.0,7.0,5.0,6.0,3.0,20.0,15.0,20.0,15.0,12.0,18.0,-0.1,5.0,0
1779,20.0,10.0,30.0,20.0,15.0,5.0,10.0,10.0,10.0,10.0,20.0,15.0,20.0,15.0,12.0,18.0,0.71,10.0,1
1780,15.0,15.0,25.0,25.0,20.0,0.0,10.0,8.0,9.0,8.0,20.0,15.0,20.0,15.0,12.0,18.0,0.62,10.0,1
1781,20.0,10.0,20.0,20.0,20.0,10.0,10.0,10.0,10.0,10.0,20.0,15.0,20.0,15.0,12.0,18.0,0.47,10.0,1
1782,50.0,15.0,10.0,10.0,10.0,5.0,6.0,8.0,9.0,6.0,20.0,15.0,20.0,15.0,12.0,18.0,0.77,7.0,1
1783,10.0,10.0,35.0,35.0,8.0,2.0,6.0,8.0,6.0,5.0,20.0,15.0,20.0,15.0,12.0,18.0,0.53,7.0,1
1784,35.0,15.0,5.0,30.0,15.0,0.0,6.0,10.0,8.0,4.0,20.0,15.0,20.0,15.0,12.0,18.0,0.72,3.0,0
1786,15.0,15.0,20.0,25.0,10.0,15.0,5.0,9.0,6.0,7.0,25.0,40.0,15.0,10.0,5.0,5.0,0.3,6.0,1
1787,15.0,15.0,25.0,25.0,15.0,5.0,6.0,8.0,7.0,6.0,25.0,40.0,15.0,10.0,5.0,5.0,0.44,7.0,1
1788,20.0,20.0,20.0,20.0,10.0,10.0,5.0,5.0,5.0,7.0,25.0,40.0,15.0,10.0,5.0,5.0,0.6,6.0,0
1789,20.0,10.0,30.0,20.0,15.0,5.0,6.0,10.0,8.0,6.0,25.0,40.0,15.0,10.0,5.0,5.0,0.4,5.0,0
1790,15.0,15.0,25.0,25.0,20.0,0.0,6.0,10.0,7.0,4.0,25.0,40.0,15.0,10.0,5.0,5.0,0.33,7.0,0
1791,20.0,10.0,20.0,20.0,20.0,10.0,6.0,9.0,7.0,6.0,25.0,40.0,15.0,10.0,5.0,5.0,0.3,7.0,0
1793,10.0,10.0,35.0,35.0,8.0,2.0,8.0,8.0,7.0,6.0,25.0,40.0,15.0,10.0,5.0,5.0,0.69,7.0,0
1794,35.0,15.0,5.0,30.0,15.0,0.0,8.0,10.0,7.0,9.0,25.0,40.0,15.0,10.0,5.0,5.0,0.14,5.0,0
1796,15.0,15.0,20.0,25.0,10.0,15.0,10.0,7.0,8.0,8.0,25.0,25.0,25.0,15.0,5.0,5.0,-0.24,10.0,1
1797,15.0,15.0,25.0,25.0,15.0,5.0,9.0,8.0,10.0,8.0,25.0,25.0,25.0,15.0,5.0,5.0,-0.28,5.0,0
1799,20.0,10.0,30.0,20.0,15.0,5.0,8.0,9.0,9.0,8.0,25.0,25.0,25.0,15.0,5.0,5.0,-0.09,7.0,1
1800,15.0,15.0,25.0,25.0,20.0,0.0,8.0,6.0,7.0,6.0,25.0,25.0,25.0,15.0,5.0,5.0,-0.42,7.0,1
1801,20.0,10.0,20.0,20.0,20.0,10.0,8.0,7.0,6.0,5.0,25.0,25.0,25.0,15.0,5.0,5.0,0.0,7.0,0
1802,50.0,15.0,10.0,10.0,10.0,5.0,8.0,9.0,10.0,7.0,25.0,25.0,25.0,15.0,5.0,5.0,-0.24,8.0,1
1803,10.0,10.0,35.0,35.0,8.0,2.0,9.0,5.0,2.0,1.0,25.0,25.0,25.0,15.0,5.0,5.0,-0.36,7.0,0
1804,35.0,15.0,5.0,30.0,15.0,0.0,4.0,2.0,1.0,1.0,25.0,25.0,25.0,15.0,5.0,5.0,-0.36,4.0,0
1806,15.0,15.0,20.0,25.0,10.0,15.0,9.0,8.0,8.0,9.0,40.0,15.0,10.0,20.0,10.0,5.0,0.44,9.0,1
1807,15.0,15.0,25.0,25.0,15.0,5.0,6.0,9.0,8.0,4.0,40.0,15.0,10.0,20.0,10.0,5.0,-0.09,7.0,1
1808,20.0,20.0,20.0,20.0,10.0,10.0,8.0,7.0,8.0,5.0,40.0,15.0,10.0,20.0,10.0,5.0,0.34,7.0,1
1809,20.0,10.0,30.0,20.0,15.0,5.0,9.0,9.0,8.0,7.0,40.0,15.0,10.0,20.0,10.0,5.0,-0.13,8.0,1
1810,15.0,15.0,25.0,25.0,20.0,0.0,7.0,8.0,6.0,3.0,40.0,15.0,10.0,20.0,10.0,5.0,-0.31,6.0,0
1811,20.0,10.0,20.0,20.0,20.0,10.0,7.0,6.0,6.0,6.0,40.0,15.0,10.0,20.0,10.0,5.0,-0.5,8.0,0
1813,10.0,10.0,35.0,35.0,8.0,2.0,8.0,8.0,6.0,2.0,40.0,15.0,10.0,20.0,10.0,5.0,0.0,8.0,1
1814,35.0,15.0,5.0,30.0,15.0,0.0,9.0,10.0,5.0,4.0,40.0,15.0,10.0,20.0,10.0,5.0,-0.15,5.0,0
1836,15.0,15.0,20.0,25.0,10.0,15.0,2.0,6.0,2.0,1.0,25.0,10.0,20.0,20.0,10.0,15.0,0.35,5.0,0
1837,15.0,15.0,25.0,25.0,15.0,5.0,4.0,8.0,3.0,2.0,25.0,10.0,20.0,20.0,10.0,15.0,0.45,5.0,0
1838,20.0,20.0,20.0,20.0,10.0,10.0,5.0,4.0,5.0,3.0,25.0,10.0,20.0,20.0,10.0,15.0,0.13,5.0,0
1840,15.0,15.0,25.0,25.0,20.0,0.0,4.0,7.0,3.0,0.0,25.0,10.0,20.0,20.0,10.0,15.0,0.54,5.0,0
1843,10.0,10.0,35.0,35.0,8.0,2.0,7.0,6.0,5.0,2.0,25.0,10.0,20.0,20.0,10.0,15.0,0.54,5.0,0
